tweet_id,author_name,created_at,text
1334553999723335680,FerdinandğŸ‡³ğŸ‡´,2020-12-03 17:44:03,"@bing1nho @NorwegianSpursy Kan ogsÃ¥ gjÃ¸re BPM, selge dyre bronzespillere bruke de til 200 i bronzeoppgradering sÃ¥ bruke de sÃ¸lvspillerne i sÃ¸lvoppgradering osv og til slutt gjÃ¸re de upgrade packsa men de gÃ¥r ut i dag og denne metoden tar jÃ¦vla lang tid."
1334544148372877313,Anne Grethe #ufÃ¸r_uten_livets_rett,2020-12-03 17:04:54,"""De gÃ¥r blant oss, men norsk snakker de ikke""
Et lite Ã¸yeblikk hÃ¸rtes det skummelt ut med vampyrer i gatene, men det var #norsksprÃ¥krÃ¥d som snakka om arbeidsinnvandrere #dax18"
1334494180249391105,Elisabeth Bergskaug,2020-12-03 13:46:20,"@hyper_linda @forteller @gieffektivt Oppsummert er det lite av klÃ¦rne som blir i Norge, men mesteparten blir gjenbrukt. Og de vil gjerne at vi leverer klÃ¦rne vÃ¥re til dem - for alternativet er at de gÃ¥r i sÃ¸pla."
1334462846164475904,Thor,2020-12-03 11:41:50,@Rotevatn Det er ikke noe grÃ¸nt skifte... Ja de gÃ¥r pÃ¥ vannkraft i Norge. Kraft vi ikke eksporterer da som erstattes med gass eller kull til de vi ikke eksporterer til. Du fÃ¥r ett vanvittige sÃ¸ppel problem med batterier dog.
1334427676292079617,Markus Olsen,2020-12-03 09:22:05,"@aktiesvorsk @Fly_Norwegian @MadsNordnet Vil tro de gÃ¥r tapt, men har ikke undersÃ¸kt noe sÃ¦rlig.

Det er mange som selger til sterkt rabatterte priset pÃ¥ Finn nÃ¥ av denne grunn."
1334427021468983296,Torfinn,2020-12-03 09:19:29,"@litelin @bettibettsin At norske bedrifter utnytter utenlandsk arbeidskraft er selvfÃ¸lgelig en uting. Det skal ikke vÃ¦re slik. De gÃ¥r gjerne utenom loven, de uregistrerte er vanskelig Ã¥ finne. For vi har ikke et overvÃ¥kningssamfunn. Det blir en balansegang der vi mÃ¥ stole pÃ¥ folk."
1334421458429292552,Tore Remi ArbeitzlÃ¸es,2020-12-03 08:57:22,"Men seriÃ¸st. Jeg har ti av hver, og de gÃ¥r svinfort."
1334404034191613953,Per StÃ¥le Honning,2020-12-03 07:48:08,"*2022. Senterpartiet styrer landet*

*minoritetsungdom pÃ¥ Ã¸stkanten blir ransaket i rÃ¦va med hÃ¸ygafler nÃ¥r de gÃ¥r av banen*

*Jan BÃ¸hlers siste radiohit spilles pÃ¥ hÃ¸ytaleranlegget*

Sjabbari sjabbarei ingen narkotika pÃ¥ deg
Durumdu durumhei
Hele Oslo digger meg"
1334249837982846976,Jonas Bandgren,2020-12-02 21:35:25,VAR gir gult til Fred for Ã¥ nikke Paredes som er rÃ¸dt i fÃ¸lge reglene. De gÃ¥r inn i en rÃ¸dt kort sjekk Ã¥ gir gult.â€¦ https://t.co/lee59HfAIo
1334224543255306243,Thorya,2020-12-02 19:54:54,@filosofaen AltsÃ¥. Hva forventer de nÃ¥r de gÃ¥r bort til et utdrikningslag (pre alkohol vel Ã¥ merke)?
1334180594432045061,Simen Ingebrethsen,2020-12-02 17:00:16,@superhopen De faller fort sammen nÃ¥r de gÃ¥r i mot dette laget.
1334169796636790788,BÃ¥rd Baardsen,2020-12-02 16:17:21,"@svmelb Har tidligere presidenter gjort tilsvarende? ""Pardons"" til sine barn fÃ¸r de gÃ¥r av?"
1334165641486602243,Sven Bisgaard Sundet,2020-12-02 16:00:51,Noen har kledd seg ut som Â«ringleveringsbudÂ» de gÃ¥r med rosa klÃ¦r hvor det stÃ¥r FRODOra!
1334128251896291330,Marie therese Hagerup Nilsen,2020-12-02 13:32:16,"@HansMagnusNils1 Mente Hunter, telf endret ordet... Trump har visst om dette siden 2018 da han skrev loven som gjorde at han kunne konfiskere materiale i utlandet med en gang, NRA har dokumentert absolutt alt, sÃ¥ jeg forstÃ¥r ikke vitsen med Ã¥ vente til de gÃ¥r inn dÃ¸ren, kuppet er bevist!"
1334093214161178627,nemiSirotS,2020-12-02 11:13:03,"@SkogVIF De kommer garantert til Ã¥ prÃ¸ve seg pÃ¥ noen krumspring for Ã¥ skjule, endre, utvide omfanget etc.

Men, den til enhver tid sittende president kan deklassifisere hva som helst dersom de gÃ¥r den veien med det."
1336422468433698817,Thor Eidsli,2020-12-08 21:28:40,"@matsska @mariusfla Flott utÃ¸ving av offerrolle samtidig sÃ¥ du fÃ¥r jobbet med polariseringa di, Ska."
1333904810903531520,LarsB,2020-12-01 22:44:24,"@PederAas6 Og. Â«Det er greit vi skal hjelpe flyktningane, men di ska vÃ¦r kristne. Me skaâ€™kje hjelpa dei andreÂ». Sagt pÃ¥ sÃ¸rvestlandsk dialekt. Det er nesten ikke til Ã¥ begripe. Ã˜l, snus og foretrukket religion er forhandlingskort om folk som flykter fra krig, undertrykkelse og nÃ¸d."
1336354845066997766,Johan,2020-12-08 16:59:57,"@astrilestrange Purring, du mÃ¥ste bli aksjonÃ¤r om de ska blie noe drinkar pÃ¥ Barbados. KjÃ¸p oljesellskap som Ã¤r billiga pga nerdete ESG-fonder."
1333777402451857411,Marit,2020-12-01 14:18:07,@kaisvarte tipper de gjÃ¸r det for Ã¥ unngÃ¥ at de ska bli smittesteder(?)
1333396279880265729,ğ˜½ğ™§ğ™ğ™©ğ™¨ğ™šğ™£ ğŸ‡³ğŸ‡´ğŸ–‡,2020-11-30 13:03:41,@KarinaMowinckel Ã…penbart at d ikke er media selv som bestemmer hva de ska skrive om. Har en stor mistanke om at d stÃ¥r noen mektige personer bak som trekker i trÃ¥dene. Helt kvalmt.
1333070437799112706,BÃ¥rd eivind bakk,2020-11-29 15:28:54,"@Torfinnjohansen @SV_Karin @GjermundR Att huseiera  ska verra med pÃ¥ Ã¥ sples. 
I motsetning til Astrup, om att de ska Ã¸ke sitt overskudd.
Jaja."
1335645018325987330,Glimt av Verden,2020-12-06 17:59:22,"BarnelÃ¦rdom for folk TromsÃ¸. Dere e divisjonsvinner/ligavinner i Obos. 

a) I Norge her vi et liga/seriesystem. 
b) seriesystemet kan kun fÃ¥ en mester. Den som vinner Ã¸verste divisjon er MESTER. 
c) dÃ¥kker har blitt cupmester, men aldri seriemester!"
1336374666429161472,Svein NordgÃ¥rd,2020-12-08 18:18:43,"NÃ¥r jeg tenker over det er korona en ganske brutal spÃ¸k

Alle med mer eller mindre overbevisende metoder prÃ¸ver Ã¥ overbevise Ã©n person at det er en livsfarlig og verdensomspennende virus pandemi

Dette har dere prÃ¸vd hardt pÃ¥, det skal dere ha"
1336236132481249282,Silje Ljosland Bakke,2020-12-08 09:08:14,"@osloskol1 Dere hadde mer regn enn oss i juni og oktober da, det skal dere ha."
1336052365204594688,Hildur Bakkene,2020-12-07 20:58:01,"@IngaMarte @hansbrenna @safinadeklerk Ja, hvordan skal tilretteleggingen skje for elevene som har ekstra talent?

Det er merkelig Ã¥ se hvordan du til stadighet nedtoner ansvaret ditt for utdanningsetaten. Hvis @oslosv og deres samarb.partnere hadde Ã¸nsket det, kunne dere ha overstyrt beslutningen, noe annet er lÃ¸gn."
1336048944921649155,Carina Nicole,2020-12-07 20:44:25,"@Nettavisen Hei, kan ikke dere ha en egen Nettavisen-profil for sport? SÃ¥ vi som ikke bryr oss om sport kan fortsatt fÃ¸lge Nettavisen for nyheter?"
1336028993481543687,Erik Guneriussen,2020-12-07 19:25:08,Nei nÃ¥ koser jeg meg ass! Takk skal dere ha VÃ¥lerenga!
1336023176623644681,Andreas J Johansen,2020-12-07 19:02:02,"@RBKfotball nÃ¥ bÃ¸r dere ha fokus pÃ¥ hva som faktisk er galt. Det er greit nok at dommerne er ufattelige dÃ¥rlige, men dere har selv satt dere i en situasjon der de kan avgjÃ¸re. NÃ¥ bruker dere vinteren pÃ¥ Ã¥ rydde opp i klubben."
1336005738716655617,ğ“šğ“ªğ“»ğ“² ğ“š. ğŸ¾,2020-12-07 17:52:44,"@HeidiPersdatter SÃ¥ bra! Finnes mange smÃ¥ raser. Ta elimeneringsmetoden ğŸ˜„ Vil dere ha hund som krever mye,lite,middels pelsstell etc.
Mange tror smÃ¥ hunder ikke kan vÃ¦re utholdende mhh til langturer mm..
Du kan ringe ulike raseklubber feks. https://t.co/WJgcif5Vbu"
1335974041929310218,petter modahl,2020-12-07 15:46:47,"SKAL DERE HA MEG TILBAKE JA DA ER DET SOM JEG SIER OM JEG ER AKKURAT KOMMET UT AV MUSA PÃ… HORA SOM HAR FÃ˜DT MEG OG DA ER DET SÃ…NN,SIPPEFITTER MISTER HUE SIPPEFITTEGUTTER GÃ…R I ATOMER TIL ANDRE SIDEN AV KRIGEN SOM DERES SPIONER"
1335922887371448320,Arnstein Friling,2020-12-07 12:23:31,"@YuriSali Kommunen, verne-myndighetene og eieren/klubben mÃ¥ lÃ¥ses inn intet rom, rundt et bord, med avtale om Ã¥ ikke forlate fÃ¸r lÃ¸sning er nÃ¥dd: Â«vi kan ikke spille pÃ¥ AF og vi fÃ¥r ikke rive den! Vil dere ha lag i byen? Finn lÃ¸sning!Â»"
1335800163332481032,petter modahl,2020-12-07 04:15:51,"Dere ha ydmyket meg i 37Ã¥r dere det har dere gjort,for jeg var ikke i kirka Ã¥ reddet sjeler fra hÃ¦lvete ja"
1335184805521219584,Anne Trine SmidsrÃ¸d,2020-12-05 11:30:38,"@AnneHolmen @MteTone @OArnfinn @KnutWHermansen @EliMLian @ibjerc @r_grete @MarianneM10 @PerTopai @Mannsperson SÃ¥ flott , sÃ¥ flott altsÃ¥ og knallgod mat er det . Da mÃ¥ dere ha det fint og koselig sammen :)"
1335118542006579201,petter modahl,2020-12-05 07:07:20,SKAL DERE HA EN FMOK JUL ELLER SKAL DERE LÃ…SE MRG INN Ã… DA JA DA FÃ… EN SKIKKELIG ORDENTLIG JÃ†VELIG JUL ER SPÃ˜RSMÃ…LET JA
1334984526691524610,petter modahl,2020-12-04 22:14:48,"GRATULERER DERE HAR FÃ…TT SJEFEN SJÃ†L TIL Ã… FORRAKTE OG HATE DERE, HA TRUR JEG BLIR FITTA DEREA DA DÃ˜R JEC HELLER OG BRENNER I HÃ†LVETE JA DE KAN KJÃ˜SSE MEG I RÃ†VA Ã… BRENNE I HÃ†LVETE JA VOLDTA MEG OM SHOW OG HEIE OG HA DET GÃ˜Y JA,DA BRENNER DU IKKE NOE SÃ†RLIG I HÃ†LVETE NEI SER DET."
1334961307917889537,mindset builderr (somaliweyne),2020-12-04 20:42:32,"Ã˜nsket ikke Ã¥ bruke masker, Ã¸nsket ikke Ã¥ holde deg innendÃ¸rs, ikke Ã¸nsker Ã¥ fÃ¥ vaksinen, hva i helvete vil dere ha? Hvorfor er alt i Norge sÃ¥ jÃ¦vla unÃ¸dvendig vanskelig #norge#bergen#oslo#norwayğŸ»"
1334883162678243328,Linn ğŸ™,2020-12-04 15:32:01,"@Eplefe @Laugums_ @vannkoker @oppspist @jegerlilla @OddKSM @SuzyLemmingroad @Herrbrun Vi plasserer bare deg i leiligheten rett overfor @OddKSM og @SuzyLemmingroad, sÃ¥ kan dere ha party central all day err day"
1334493443981242369,Ponmi ove â€™l sole,2020-12-03 13:43:25,"@atb_no Dersom dere innfÃ¸rer pÃ¥bud om munnbind i rushtiden, mÃ¥ dere ha kontroll, og bÃ¸telegging av dem som gir blaffen. Mange gjÃ¸r det."
1334459835451125770,Stolt Jensminister Statenberg,2020-12-03 11:29:52,"@RBKShop Ser der ja, der var den. Da er julen reddet, takk skal dere ha :)"
1334445433599516674,Elizabeth Marshall again,2020-12-03 10:32:38,"@FogAndNoise @rgteof @EUDeplorable Herlighet, ikke snakk om Ã¥ vaske hender, det er snakk om at jeg ikke kan handle uten munnbind, ikke kan ha besÃ¸k eller gÃ¥ i kirken, og at det graaadvis innfÃ¸res stadig FLERE ""tiltak""... pÃ¥ vei mot vaksinepass for Ã¥ reise, jobbe, krysse landegrenser, tusen takk skal dere ha."
1334396579516715012,bjÃ¸rn egil olsen,2020-12-03 07:18:31,"@ingunnsolheim @HansKMjelva @jantoresanner @jonasgahrstore SvÃ¦rt uheldig at regjeringen lar seg trÃ¥kke ned av et populistisk FrP pÃ¥ desperat jakt etter hÃ¸yere oppslutning. Vi har, slik det ser ut, en statsminister dere ha makta er overordnet det meste."
1334283124058910720,Kjetil Bjerkeset,2020-12-02 23:47:41,"@ToldnesG @Edvartsen Dette burde dere ha prioritert i dag, evt sendt intevjuet senere."
1334265034453684226,Per Ove Einangshaug,2020-12-02 22:35:48,"Det skal dere ha dere i @frp_no det skjer bestandig noe der dere er!
https://t.co/vabTZuRSiE"
1334219637832167424,Niklas Aune Johnsen,2020-12-02 19:35:24,"Jeg er i gang med Ã¥ forbedre tilbudet pÃ¥ https://t.co/S7uVMxQ1lk, sÃ¥ sjekk ut stÃ¥s nÃ¥, folkens! Fyldig kampreferat publisert umiddelbart etter kampslutt (get used to it). Men jeg lurer pÃ¥; Hva vil dere ha av https://t.co/S7uVMxQ1lk pÃ¥ bortekamp-dag? Let me know!"
1334184637757857798,jorunn gran,2020-12-02 17:16:20,Hvorfor mÃ¥ dere ha julemarked og alt sÃ¥nt akkurat i Ã¥r? #korona #smittevern
1334150302858145794,Laila Monica Vedumstuen HÃ¸ibakken Nikolaisen,2020-12-02 14:59:54,"Hvorfor vÃ¦re sÃ¥ imot meg meg hele tiden? Hvorfor alltid ha et hat mot meg? Trodde de jeg skulle ta mannfolka deres eller hva??????????????? Jeg fatter det ikke. Og nei, de mannfolka der kan dere ha dere for dere selv."
1334058742200082432,sr.Dana Benedicta,2020-12-02 08:56:04,@erna_solberg @abhadland Takk skal dere ha: at dere vil hjelpe mine brÃ¸dre og sÃ¸stre i troen. Det skal ikke glemmes.
1334046457939320833,Stuart Baillie,2020-12-02 08:07:15,@sykkel_aloha Skal dere ha Julebord ?   Not Fair. kanselert hos oss ğŸ˜¢
1334027851541196800,Ich bin Ernst ...,2020-12-02 06:53:19,"Ny rettskrivingsnorm ala 1920 i advent @Aftenposten ? GjennomfÃ¸rt bruk av december, det skal dere ha. https://t.co/roUgvmQupU"
1333835594179416069,Sindre BÃ¸rseth,2020-12-01 18:09:21,"@Lars_Peder @Golden_Cockerel Hvem vil dere ha inn i startelleveren av Lo Celso og Ndombele? Ikke lov til Ã¥ svare begge to, selv om det er det vi alle Ã¸nsker."
1333711654886977539,Lise KjÃ¸lstad ğŸ³ï¸â€ğŸŒˆ,2020-12-01 09:56:52,"Skjemaet ble nullstilt fordi jeg brukte ""feil"" nettleser. Jeg skulle ha brukt Internet Explorer som er utdatert og de fÃ¦rreste bruker. Ja, ja. PÃ¥'an igjen. Slik gÃ¥r nu dagan. 
De virkelige menneskene i chaten er snille da. Det skal dere ha @NAVnorge."
1333440214694572033,Cornelis Elander,2020-11-30 15:58:15,@SteinarStromber @Leffilog NÃ¥r mÃ¥ dere ha alle signaturer inne? (For Ã¥ kunne stille til hÃ¸sten mener jeg)
1333392700121473026,Smarte katten,2020-11-30 12:49:27,"reise tilbake i tid og sier til hitler: hvis nazisme rasisme osv e sÃ¥ bra, hvorfor mÃ¥ dere ha krig for Ã¥ fÃ¥ andre land til Ã¥ ha det? 

han svare bare en woke greie om at rasisme e overalt, ""strukturelt"" problem blablab og at ""hvis rasisme e sÃ¥ dÃ¥rlig, koffor e du rasist mot meg?"""
1333182708550397952,Stian F. Steinsvik,2020-11-29 22:55:01,@MortenMyksvoll Virker forresten som mange av podcastene er Ã¥pne for alle i BT. Mener du at  dere har samme forholdet mellom Ã¥pne og lukkede artikler som podcasts? Da mÃ¥ dere ha jÃ¦klig mange podcaster :) https://t.co/iQ2VgN2w9Z
1333166429550612483,JuleDyretğŸ³ï¸â€ğŸŒˆ,2020-11-29 21:50:20,@tjuvbanden NÃ¥ er det bare tÃ¥rer her. ğŸ˜­ğŸ’” Musikk er min livlinje. Takk skal dere ha! ğŸ’œ
1333053962484936705,PÃ¥l Hansen,2020-11-29 14:23:26,"Er det ikke mulig Ã¥ kjÃ¸pe en tjeneste, bo pÃ¥ hotell eller handle pÃ¥ nett uten Ã¥ mÃ¥tte delta i en undersÃ¸kelse.  Er jeg misfornÃ¸yd kunde sÃ¥ er jeg i stand til Ã¥ si fra og mÃ¥ dere ha tilbakemeldinga fra absolutt alle som benytter deres tilbud? https://t.co/kat0TaX9wP"
1333119741687422978,4rusle,2020-11-29 18:44:49,"Det blir ikke flyttet noe skap pÃ¥ Aspmyra nÃ¥r dere stiller med andrelaget, @RBKfotball.
- Det ska' dÃ¥kk ha, dÃ¥kk prÃ¸vd itj!"
1336446645974732809,MEVring,2020-12-08 23:04:45,"@with_rowling @theantiwoke2020 @frodesaugestad @idrett Akkurat nÃ¥ har nordmenn flest ikke nevneverdig grunn for Ã¥ vÃ¦re skeptiske til trans-agendaen, mest pga at vÃ¥re transer er bedre enn andres transer (ğŸ˜‰), altsÃ¥ de har samme rolige temperament, tillit osv som resten av oss, sÃ¥ det oppstÃ¥r lite konflikter. Det ordner seg, liksom."
1336446242235314182,OPS Politiet Oslo,2020-12-08 23:03:08,"#Oslo. Politiet har vÃ¦rt i en leilighet pÃ¥ BjÃ¸lsen etter bekymringsmelding om rop og skrik. Paret har det etter forholdene bra. De har spilt inn en TikTok video inspirert av Dirty Dancing,og som kjent er det krevende lÃ¸ft i denne filmen,noe paret trengte flere forsÃ¸k pÃ¥ Ã¥ fÃ¥ til."
1336445246117392388,Arne Jonny Johnsen,2020-12-08 22:59:11,"@Fotballgubbe @PerArntsen @awahloe Enkeltkamper. Det er godt nok om man er Crystal Palace. Den troppen er totalt sett altfor svak til Ã¥ vÃ¦re United. Snuoperasjoner er fint det, men unÃ¸dig at det skal skje nesten hver kamp. SÃ¥ ja, jeg er skeptisk til trenerteamet, men gud for en tropp de har til rÃ¥dighet da."
1336444679274065920,JÃ¸rgen BrostrÃ¸m,2020-12-08 22:56:56,"@magnusschaft @Smoothedan Ro ned det Asker-surret. De har en god keeper, en ok svenske og en kjapp ving som ingen har lagt merke til enda. Tapet mot Narvik var det fÃ¸rste av mange. FÃ¸ler meg sikker pÃ¥ at Frisk ikke er blant topp tre til slutt."
1336444329674629129,norske. noeske. ingenbox,2020-12-08 22:55:32,"Retorisk norsk: myggen, Erik Mykland er vel en norsk fotballspiller.
Mini, saltomontale, er en annen norsk fotballspiller.
Hvor gÃ¥r begrensningen i hva en kan si.

De har vel gledet mange fans."
1336443542332452865,Jim,2020-12-08 22:52:25,"@WingNorway Den forstod jeg ikke, men de som du henger ut med navn , tre av de har du feil personer ."
1336441653524041729,Erik N.,2020-12-08 22:44:54,@awahloe @PerArntsen Kidd ble nevnt kun fordi jeg husket navnet hans. Og de har vel heller ingen god kontakt etter Kidd sin tur til rivalene. Poenget er uansett at lojaliteten og vennskap mÃ¥ settes til side og Uniteds beste mÃ¥ vÃ¦re i fokus. Og akkurat nÃ¥ tror jeg ikke trenerteamet er det beste.
1336441340595490816,Roger Christensen,2020-12-08 22:43:40,@Alexandergjl1 @EliMLian @JoEllegard @CSpange Det er der de har fremlagt saken. Men den hÃ¸res litt sÃ¸kt ut. SkjÃ¸nt sikker er det vanskelig Ã¥ vÃ¦re.
1336438315164323841,Karl Fasch,2020-12-08 22:31:38,"@piscesgutt Pussig at sÃ¥ mange pÃ¥ venstresiden som med bekymring har ""fulgt utviklingen"" i Document nÃ¥ melder seg - det mÃ¥ jo bety at de har lest den en god stund?"
1336437537158651908,Steffen Jenssen,2020-12-08 22:28:33,"United har spilt 18 kamper sÃ¥ langt denne sesongen. Her er en liten oversikt over nÃ¥r de har sluppet inn fÃ¸rste baklengsmÃ¥let i noen av de kampene:

Crystal Palace 7â€™
Tottenham 4â€™ (baklengs to etter 7â€™)
Newcastle 2â€™ 
Basaksehir 12â€™
Everton 19â€™
Southampton 23â€™
PSG 6â€™
Leipzig 2â€™"
1336435578070568960,Michael Bithammer,2020-12-08 22:20:46,"UEFA (og FIFA) har aldri tatt rasisme pÃ¥ alvor. De har alltid slÃ¥tt hardere ned pÃ¥ f.eks snikreklame sÃ¥ som ""Bendtner-boxeren"" 
Kamper stoppes ikke. Lag unngÃ¥r poengtrekk. Lag (klubb- og lands-) kastes ikke ut fra turneringer og kvaliker.....
#SayNoToRacism @UEFA"
1336435525767589888,Aleksander Vold,2020-12-08 22:20:33,"@ArneJJohnsen @awahloe Kan skje, men tror at hvis de har en erstatter klar, sÃ¥ ryker SolskjÃ¦r. Klubben er sÃ¥pass skakkjÃ¸rt at ingenting vil overraske."
1336433773324476420,GabrielğŸ‡³ğŸ‡´,2020-12-08 22:13:35,"@HonestUtd Hadde vÃ¦rt nydelig. Men du kjenner United-styret, de har ikke fotballkompetanse. Poch kommer inn og syklusen fortsetter."
1336433316321488902,Ole Anders Bae,2020-12-08 22:11:46,"@andershartmann De har vel stort sett kjÃ¸pt seg en bedre (dyrere, nye lÃ¥n) bolig, muligens et annet sted i byen!? Hadde vÃ¦rt interessant Ã¥ se grafiken over sammen med median botid i bolig og omrÃ¥de."
1336432436062908417,Marit Kristine,2020-12-08 22:08:17,Har ikke vÃ¦rt pÃ¥ Twitter pÃ¥ en god stund - overraska over Ã¥ se at de har fÃ¥tt â€˜storiesâ€™ her inne ogsÃ¥. Alle sosiale medier blir like til slutt ğŸ˜…
1336431449340252175,BjÃ¸rn Skog,2020-12-08 22:04:21,Koker greit her nÃ¥. Men makan til merkelig dÃ¸mt i en kamp med sÃ¥ mye at stake skal man lete lenge etter. Gult kort til Bruno fÃ¥r kjeftbruk fÃ¸r det er spilt 5min. Kampl som pÃ¥ sykt vis ikke fÃ¥r kort i denne kampen. De har skade pÃ¥ Orban pÃ¥ overtid og dommer legger til 0 sekunder. https://t.co/qZm5e7wmYC
1336431105315049476,Kim S. Kristensen,2020-12-08 22:02:59,@awahloe Tro om de har vurdert ideen om Ã¥ bygge et topp fotballlag?
1336429791835287561,Torgeir Katla,2020-12-08 21:57:46,@ArneJJohnsen De har vel hatt hver sin kamp Leipzig og United. Helt jevnt i kampene mot PSG. Missen er kampen i Tyrkia.
1336428439235080193,Haugberg,2020-12-08 21:52:24,Hvorfor i helvette flytter ikke United opp ALT DE HAR NÃ… #2cl
1336428369379029001,Tore,2020-12-08 21:52:07,"@RuneBjoernsen @sjakhaaheim @UiTromso @bladetnordlys Jeg synes alldeles ikke at et sivilt samfunn har behov for pÃ¥minnelse om at voldsmonopolisten stÃ¥r klar, at de er beredt til enhver tid. Slikt er intimiderende pÃ¥ den sivile befolkningen.

Men skjÃ¸nner jo at folk i forsvaret Ã¸nsker sÃ¥nt. De har ofte sÃ¸kt seg dit av en grunn."
1336427889026355202,Anders Westlund,2020-12-08 21:50:13,"@aahetr @KentAnder @Nrk @fredriksolvang Enig, de bÃ¸r slutte Ã¥ spre vÃ¥s. For eksempel bÃ¸r de slutte Ã¥ skrive (som de har gjort i snart 40 Ã¥r) at vi bare har 5 Ã¥r pÃ¥ oss til Ã¥ unngÃ¥ en global klimakatastrofe."
1336427724483801090,Thomas Hansen,2020-12-08 21:49:33,"Fem selskap har til sammen mottatt Ã©n milliard kroner i stÃ¸tte, like mye som 27.000 smÃ¥bedrifter til sammen.

De 25 selskap som har fÃ¥tt mest stÃ¸tte, har fÃ¥tt tre ganger sÃ¥ mye i stÃ¸tte i lÃ¸pet av seks mÃ¥neder som de har betalt i skatt de siste fem Ã¥rene: https://t.co/DNI6AvlfKd"
1336427320832356353,Per Fleischer,2020-12-08 21:47:57,"Media melder om fÃ¸rste vaksinen i England, men da har de glemt sputnik vaksinen i Russland som de har brukt i flere uker nÃ¥. Jeg mener Russland er i samme verden ogsÃ¥."
1336427297373646849,Marius Mahlum,2020-12-08 21:47:51,"@awahloe De har fÃ¥tt noen gule, men d er noen flere som sÃ¥ absolutt skulle hatt gult.
HÃ¥plÃ¸s mÃ¥te Ã¥ signalisere noe pÃ¥. Et tamt blÃ¥s i flÃ¸yta og noe diffus armbruk."
1336425467503587330,Jon Haugan ğŸ‡®ğŸ‡¹,2020-12-08 21:40:35,"@DePartiet Da forstÃ¥r du ikke USAs lovgivning. GjennomfÃ¸ringen av valget fÃ¸lger statenes lover, og statenes hÃ¸yesterett har siste ordet. Og de har avvist sakene. FÃ¸deral hÃ¸yesterett har ikke noe med dette. Case closed."
1336425197675696131,Vegard M,2020-12-08 21:39:31,"@KrHoaas @lasseav @ESN_Susanne Som frÃ¸yvÃ¦ring har jeg fÃ¥tt hele denne regla hundre ganger. Det skal havnÃ¦ringen ha, de har et imponerende propagandamaskineri. Bare man toucher innpÃ¥ noe kritikk, sÃ¥ blir man lekset opp. Alle som kritiserer tar feil, hver gang."
1336425147981508609,Thomas H,2020-12-08 21:39:19,"Etter Ã¥ ha Ã¸delagt hele SÃ¸r-Rogaland er Helvig og Skorpen i Norsk Vind fornÃ¸yde, de redda angivelig klimaet og sparte oss for et gasskraftverk. 
Sannheten er at de har tjent enorme summer! @MotvindR @LaNaturenLeve 
https://t.co/jPkum5exT3"
1336424655394107395,Mahdi Fayyaz,2020-12-08 21:37:22,Skal endelig OGS fÃ¥r sparken? De har ikke vÃ¦rt gode nok i PL. Flaks at de har sÃ¥ mange poeng. Ryker ut av CL. Er ikke god nok til Ã¥ legge taktikk og fÃ¥ ut det beste av spillerene han har.
1336423614116225030,Inger,2020-12-08 21:33:13,"@KriseKarro Helsiket. Helsevesenet er jaggu ikke bygget for syke folk. 
Hvis du har krefter til det kan det vÃ¦re verd et forsÃ¸k Ã¥ hÃ¸re med Pasientforeningen om de har noen innspill her."
1336423518108573701,Glenn Andreassen,2020-12-08 21:32:50,"@MariusDahl91 Jeg sier bare lykke til, til mannen. For mobben har ingen sympati med fakta nÃ¥r de har fÃ¥tt smake blod."
1336421288978636809,Rolf Arne Holmen,2020-12-08 21:23:59,"@Rudisign @Glimt @AvGlimt @morteeeen @HistoriskeGlimt @FreddyToresen Er ikke sikker pÃ¥ om de har helgult, av en eller annen grunn bruker de sort ogsÃ¥."
1336420851542069250,Sigurd DreiÃ¥s Lund,2020-12-08 21:22:15,"United har vel generelt ett ganske dÃ¥rlig tak pÃ¥ tyske lag pÃ¥ bortebane. Dortmund, Stuttgart, Bayern x 3, Wolfsburg og kanskje nÃ¥ Leipzig er lag jeg kommer pÃ¥ at de har tapt mot de siste 25 Ã¥r. #2cl #unitedno"
1336419405052456961,Joachim,2020-12-08 21:16:30,"@Chr_Bachke #Havyard fordi de har klart Ã¥ snu seg fra tap til Ã¥ tjene penger, de har en del gjeld som de jobber med Ã¥ fÃ¥ 100% kontroll pÃ¥, men det blir nok avklart pÃ¥ fredag. Ellers har de ledende teknologi innen flere omrÃ¥der og stor avtale med Wilson. Newco blir nok skilt ut i  Q1 2021."
1336417674902065155,Thomas Steen,2020-12-08 21:09:37,"@sjefersuper Igjen, dette blir for dumt. Om de har brukt VPN eller proxy, sÃ¥ kan jo ikke PST pÃ¥stÃ¥ det er russere. Videre, sÃ¥ ville det jo bevist at digitalt grenseforsvar eller masseinnhenting av grenseoverskridende data, er ubrukelig."
1336414861107093514,Vinnith Andersen,2020-12-08 20:58:26,Null fokus i TV2 studio pÃ¥ skandalen i Paris. De har 1 min om united ogsÃ¥ 14 min reklame. Pinlig!
1336414481203728386,eskilbjo,2020-12-08 20:56:56,"@MariusHelgaa De har jo for vane Ã¥ anke gule kort, sÃ¥ lov Ã¥ hÃ¥pe."
1336413597690449920,Tom Erik Hjemmen,2020-12-08 20:53:25,@TuvaMoflag Ligger vel an til det nÃ¥ den 16 eller 17. ja de mente at covid tok mye sv budsjettet.. ja men de har jo fÃ¥tt noe kompensasjon. Sitter for mange folk Ã¥ flytter papirer pÃ¥ hÃ¸ye lÃ¸nninger. Ã… vÃ¦re de svake eller gammel i nordre Follo er jaggu i noe Ã¥ hige etter
1336412631654166529,Professor uavgjort,2020-12-08 20:49:35,"@AustheimStefan @EUDeplorable Aha,NSAs informasjonsbase ja. Se det. Trenger jo ikke involvere mange i Norge da, fÃ¸r det skal rykkes. De har jo allt. telefon, data. private mÃ¸ter, ja allt.ğŸ˜€ğŸ˜€ Den som styrer NSA styrer alt. Har sett klare signaler pÃ¥ at NSA er med pÃ¥ laget.ğŸ˜€ğŸ˜€"
1336412293920399361,Stian,2020-12-08 20:48:14,"Stolt av hva @AndreasAa03 og @abood_bado_ har fÃ¥tt til pÃ¥ de sjansene de har fÃ¥tt. Viser at rekrutteringen vi har gjort og det Ã¥ gi unggutta sjansen har vÃ¦rt verdt det. ğŸ®âš½ï¸

Kommer forresten flere nye fjes inn snart... ğŸ‘€"
1336412176693792768,SturleV,2020-12-08 20:47:46,SolskjÃ¦rs United? Snart 2 Ã¥r og jeg vet fortsatt ikke hva man prÃ¸ver pÃ¥. Gjenkjennelighet og mÃ¥ten man Ã¸nsker Ã¥ fremstÃ¥ med ball. Dette Leipzig-laget er svakere spiller for spiller enn United. De har bare en veldig mye bedre coach/manager.
1336412163515277313,Fredrik Midthun,2020-12-08 20:47:43,"@G_DOGGED De har jo vÃ¦rt god i det siste, det at han redder skinnet hver match er jo bare reportere som melder. Han har ihvertfall bygget noe kontra tidligere managere."
1336411617471438856,Camilla Holm,2020-12-08 20:45:33,"@BSkiaker Dette er for den nye generasjonen kids som trenger hjelp til Ã¥ lese digitalt og stykke opp teksten fordi de kommer fra en oppvekst hvor de har lest alt for lite bÃ¸ker og sliter med Ã¥ lese lengre tekster.

Sier noen. ğŸ¤·â€â™€ï¸ğŸ¤·â€â™€ï¸"
1336410890388828160,Ola den Egne,2020-12-08 20:42:40,@fuzzy76 @Jernkjeve @Knuthov Kanskje bare at de som er mindre opptatt av velferdsgoder og ikke minst av ''forbruksgodt'' ikke lÃ¸per til FB for Ã¥ klage for kanskje de har det greit?
1336410759140663299,OddA,2020-12-08 20:42:08,"@BenjaminBrekken De har ikke klart Ã¥ holde ting hemmelig fÃ¸r, sÃ¥ hadde vÃ¦rt godt gjort denne gangen."
1336410758587043844,Tore lund,2020-12-08 20:42:08,Tenker farmor vart glad .Kate og William la ut pÃ¥ en tredagers reise rundt Storbritannia. Et av hÃ¸ydepunktene pÃ¥ listen deres var Ã¥ besÃ¸ke dronningen. De har ikke sett henne siden mars i Ã¥r! https://t.co/LWKqfOU4GM
1336408697644445697,Gekko,2020-12-08 20:33:57,"@EiendomsmeglerO @joachim_enoksen De har ihvertfall ikke forstÃ¥tt begrepet 'arbeidende kapital' og rentes rente. Man mÃ¥ tydeligvis begynne med et lass med penger for Ã¥ bli 'rik'. Egentlig er de jo rikere enn 2% av verdens befolkning selv, men nekter Ã¥ innse det."
1336408237176918017,Anne Spurkland,2020-12-08 20:32:07,"@Rudde90 @PerHelgeM Tror det estimatet er for hÃ¸yt. De har jo bare sett pÃ¥ ganske fÃ¥ personer, s   Ã¥ sikkert en god feilmargin der."
1336408203731546114,ğŸ³ï¸â€ğŸŒˆAgeğŸ³ï¸â€ğŸŒˆ,2020-12-08 20:31:59,tenker pÃ¥ den gullfargede brÃ¸dristeren de har pÃ¥ kitch'n. smeg https://t.co/sirXWotacJ
1336407855394590727,Torsten Hanssen,2020-12-08 20:30:36,Istanbul har gÃ¥tt av banen i kampen mot PSG. Hevder de har fÃ¥tt rasistiske uttalelser fra en UEFA-representant. https://t.co/Z1ygstqujQ
1336407448127737859,Kongen Fra Nord,2020-12-08 20:28:59,@JanOveOlsen3 @AndersMikkelbor Kampen har vart i under 30 min.. de har ikke tapt enda
1336406945788538881,NorskPatriot,2020-12-08 20:26:59,"@DBringsvor @EUDeplorable Helt riktig. Derfor har de hjelp. Ã… ALLE skal fÃ¥ dom etter hva de har gjort, ALLE!!"
1336406870895058945,Hallvard Sandberg,2020-12-08 20:26:41,@nette970 Den stÃ¥r der fortsatt. Har ikke prÃ¸vd ennÃ¥. De har plenty med tid.
1336406366513192963,Lars Henrik Andreassen,2020-12-08 20:24:41,@SteinEStorhagen Det er noen nyervervelser der du ikke vet har spilt fÃ¸r du kommer deg hjem og leser stats og ser at de har logga 20 min.
1336406321957101569,Andreas SeipÃ¤jÃ¤rvi,2020-12-08 20:24:31,RB Leipzig har gjort det de har villet fÃ¸rste 20 minuttene. Sliter offensivt og henger ikke sammen defensivt. Kan bli stygt om det ikke skjer noe raskt. #LEIMUN #ChampionsLeague
1336406294060806149,Helen,2020-12-08 20:24:24,"@ThomasWergeland Thomas, jeg kjenner ikke saken din, skulle Ã¸nske jeg kunne hjulpet. Men det jeg har lÃ¦rt etter snart 10 Ã¥r med NAV er fÃ¸lgende:â€™gjÃ¸r eksakt som de sier, glem all fornuft og rasjonaliter. Ber de om en erklÃ¦ring de har fÃ¥tt 10 ganger fÃ¸r, gi dem det. PrÃ¸v Ã¥ allier deg med en lege 1"
1336405858432012290,The Accountant,2020-12-08 20:22:40,"@CSpange Formueskatten har han betalt, sÃ¥ det betyr at han har brukt av bankkontoen. Disse pengene har ikke magisk dukket opp pÃ¥ kontoen, de har han allerede betalt inntektsskatt pÃ¥ tidligere. Det er jo lov Ã¥ leve pÃ¥ oppsparte midler."
1336405828010651648,Nahuel T. Polesel,2020-12-08 20:22:33,"@Mo_Ell mulig, nÃ¥r folk er kommet i en alder de har pratet alt, da er det best Ã¥ sitte sammen pÃ¥ bingo?"
1336405690362040326,Kyrre Jansen,2020-12-08 20:22:00,"Juventus rundspiller det dÃ¥rligste Barcelona-laget jeg har sett. Greit de har et generasjonsskifte pÃ¥ gang, men Koeman er ikke mannen til Ã¥ lose dem gjennom det. 100 % sikkert."
1336405171069456388,Vladimir Vladimirovich Putin,2020-12-08 20:19:56,"De tar feil, hvis noen mener at de har begÃ¥tt en uÃ¦rlig krigsforbrytelse, drapet pÃ¥ folket vÃ¥rt, vil de gÃ¥ av med nâ€¦ https://t.co/4Jy3rkEPMR"
1336403572779585543,Jostein Austvik Jacobsen,2020-12-08 20:13:35,"@HalSandberg Tolv og en halv kilometer. De endret hÃ¸yden for noen dager siden om jeg husker rett.

Tror det muligens kan ha noe med at de har fÃ¥tt et mer permanent lÃ¸yve for Ã¥ skyte opp raketter fra basen der."
1336403279920721921,Majka,2020-12-08 20:12:25,Blondie godtar ikke at det ikke skal pyntes til jul selv om det bare er to uker til bryllupet og de har masse anna Ã¥ gjÃ¸re.
1336403124777578500,Vegard Jacobsen,2020-12-08 20:11:48,"Leipzig har vunnet alle hjemme, United vinner det meste de har spilt borte. Kommer under etter 2 min, bra utgangspunkt for en underholdene kamp dette #2cl"
1336402655506276355,NorskPatriot,2020-12-08 20:09:56,@DBringsvor @EUDeplorable Tro hva du vill men det finnes bra militÃ¦re i Norge (de har ogsÃ¥ hjelp) og de finner ut (har funnet ut?) av situasjon vi er i!!
1336402167171870720,Sigurd DreiÃ¥s Lund,2020-12-08 20:08:00,Og  United fortsetter trenden de har hatt en stund nÃ¥: slipper inn fÃ¸rst. Og tidlig. #2cl
1336401786371002375,Professor uavgjort,2020-12-08 20:06:29,@AustheimStefan @EUDeplorable Kanskje bare rappe det eneste skiltet de har. Klenodium av et skilt.
1336400406084251655,"Gaute Holmin - Teknologi, livet og sÃ¥nt...",2020-12-08 20:01:00,"@bareenmann @elinlestrange Det vil man trenge nÃ¥r de har gjort om byen vÃ¥r til en grÃ¥ og trist bilby...

Heldigvis er det omtrent ingen som bryr seg om eller stemmer pÃ¥ Oslo Frp lenger."
1336400350044106754,ErikB,2020-12-08 20:00:47,De blir fraktet fra MÃ¸re til Finnmark for selve finalen. De har virkelig endret formatet. Likte bedre nÃ¥r de startet i Lindesnes og til slutt havnet i Finnmark og Nordkapp til slutt.
1336399515499237376,FPLViking,2020-12-08 19:57:28,"@FPL_Nord Det gÃ¥r an Ã¥ velge EntrecÃ´te selv om de har Nyretapp pÃ¥ menyen, NÃ¸rd. Litt digg Ã¥ innimellom ligge inne i normalfordelingen. :)"
1336398768053293058,Steffen Handal,2020-12-08 19:54:30,"Norske elever pÃ¥ barnetrinnet gjÃ¸r det spesielt bra sammenlignet med elevene i andre nordiske land, men de har da ogsÃ¥ gÃ¥tt pÃ¥ skolen ett Ã¥r lenger. Fint at @PerleStrand nyanserer og peker pÃ¥ at politiseringen av funnene er et problem i seg selv."
1336396943002652673,Anthon Berg,2020-12-08 19:47:14,@esgya Aldri skjÃ¸nt hvorfor ikke taxisjÃ¥fÃ¸rer og frisÃ¸rdamer ikke stiller til valg. De har jo svar pÃ¥ alle problemer.
1336396082100711425,Stein-Erik Storhagen,2020-12-08 19:43:49,"RÃ¸nningen/Ellis og Humphries, har ikke antallet ganger de har kastet bort pucken pÃ¥ offensiv blÃ¥ i kveld."
1336395087580979203,HÃ¥kon Olsen,2020-12-08 19:39:52,"@ThAOSteen Litt frem og tilbake her. Kan se for meg de har skrudd pÃ¥ MFA, men glemt Ã¥ slÃ¥ av ""legacy auth"". Da trigger ikke MFA om du bruker en applikasjon som ikke stÃ¸tter Microsofts MFA, som feks et enkelt script som kan gjÃ¸re http-forespÃ¸rsler (feks SprayingTool)."
1336394650555441154,Mrs.B,2020-12-08 19:38:08,"@Mare_Argent Ja, jeg er sÃ¥ utrolig takknemlig for det! SÃ¥ fÃ¥r vi hÃ¥pe det var tidlig nok, fÃ¥r endelig svar om et par uker nÃ¥r de har sjekket biten de fjernet ğŸ‘"
1336394065391333379,Maja Tomic,2020-12-08 19:35:48,"@ulmebrann @GCBergby De har gjort det innviklet. PÃ¥ tide Ã¥ si ""alt var bedre fÃ¸r"" og ta en kamferdrops."
1336393514276544513,Frank Pedersen,2020-12-08 19:33:37,"https://t.co/loAPDIdxYz
Noe for #Regjeringen Ã¥ tenke pÃ¥, de har skuffet stort pÃ¥ hjelp til de som er hardest rammet av deres vedtak."
1336393179889852416,Tobias Storruste Dahle,2020-12-08 19:32:17,"@JoergenFoss De har vel det, sÃ¥ denne tweeten bÃ¸r vel slettes asap!"
1336392643899760641,Ğ­Ğ»Ğ¸Ğ½ Ğ»Ğ¸Ñ‚Ğ¾Ğ²Ñ‡ĞµĞ½ĞºĞ¾,2020-12-08 19:30:09,"@Eplefe Eg like Austmann, men har ikkje smakt denne.
Det surÃ¸let de har er ganske bra."
1336390578989379585,Jorgen Knutsen,2020-12-08 19:21:57,"@ButlerOfMordor Er  det bokstavene NT de har i Skien nÃ¥ for tida? Moro, da Odd var farmerklubben ;-)"
1336390349367939076,Ragnvald SÃ¦ternes,2020-12-08 19:21:02,"@JrgenMoe Ja, det er jo egentlig det. Samtidig pleier de jo Ã¥ sitte sÃ¥pass tett, men det kan de ikke nÃ¥. De har jo besteforeldre disse ogsÃ¥."
1336389637636562946,Per Dagfinrud,2020-12-08 19:18:13,@Greco87269770 @klimapsykolog @banrocks @Chriisstinna6 NÃ¥ fÃ¥r du lese deg opp pÃ¥ hva kristendommen har gÃ¥tt gjennom av endringer de siste 100 Ã¥r. Koran-brenning er ikke noe Ã¥ hisse seg opp over. Hvis man da ikke lever pÃ¥ 1800 tallet. Vi er i 2020. Muslimene mÃ¥ tilpasse seg demokratiet. De har ingen valg.
1336387491797020679,Foxy Lady Justice Quelle Aeon ğŸ—£,2020-12-08 19:09:41,"@NinaLBockmann #Niddingene har solgt seg til hÃ¸ystbydende. 

De har gjort seg avhengige av lÃ¸gnene de serverer og vil ikke gi seg fÃ¸r de mÃ¥.

De er nazistenes gjenferd og pÃ¥ deres agenda stÃ¥r folkemord; for selv Ã¥ slippe unna."
1336386415899324416,Ingeborg Anne RakvÃ¥gğŸŒº,2020-12-08 19:05:25,"@sigurdimsen Nei, jeg mente 'deg' som en generell 'deg'. Tror det gir mening. Jeg har brukt for mange hjerneceller pÃ¥ brainstorming i dag. De har gÃ¥tt og lagt seg."
1336386140543332356,ğŸ³ï¸â€ğŸŒˆSuperhelt-HanneğŸ³ï¸â€ğŸŒˆ,2020-12-08 19:04:19,Det faktum at de har super-tvillinger gjÃ¸r meg litt mindre begeistra for mine tvillingtantekids. Bittelitt
1336385440216178688,Bogdan Stojanovic,2020-12-08 19:01:32,#Get kunde over 5 Ã¥r. Veldig bra tjenester. #telia kjÃ¸pte Get. Internet nede 3 ganger siste mÃ¥ned. Og de har Ã¸kt prisen med en gang #dÃ¥rligkundeopplevelse #aldriteliakunde
1336384938191572997,Magne Bjella,2020-12-08 18:59:32,@EnnySolli @CSpange Fikk min siste leveranse i dag ...den skulle vÃ¦rt her den 1. desember ... men Â«Best transportÂ» er ikke best ... det innrÃ¸mmet Vinmonopolet.. de har noe Ã¥ lÃ¦re av den beste ..
1336384797103501318,Jon_Invest,2020-12-08 18:58:59,@TeslaGigaChad Det blir spennende Ã¥ se hvordan de skal anvende dem. Uansett lurt Ã¥ hente masse penger nÃ¥r aksjen har steget sÃ¥pass mye. De har muligheten til Ã¥ mer enn doble invested capital hvis de investerer kontantene.
1336383745348300804,vekslepenger,2020-12-08 18:54:48,"Sommeren 2010 kunne du lÃ¥ne opp til 90% pÃ¥ boligen, og ha ramme/fleksilÃ¥n pÃ¥ 75% belÃ¥ningsgrad. 

Men du kunne ikke lÃ¥ne mer enn 3 ganger inntekt. 

Disse reglene fungerer bra, men bankene burde hatt mer fleksibilitet enn de har idag. https://t.co/fNxVSrakCI"
1336383630365642752,Maria,2020-12-08 18:54:20,"@tallinicket Enn Ã¥ ville drite seg ut sÃ¥nn foran hele landet, altsÃ¥. Jeg orker ikke folk. De HAR BOKSTAVELIG TALT SENDT INN SINE SANNHETENS ORD TIL REGJERINGEN DA SAKEN VAR UTE PÃ… HÃ˜RING https://t.co/YmPBzs1N9K"
1336383628985700354,Henrik Alpers,2020-12-08 18:54:20,"@olavelg @TrollkrittIda Om noen vet hvor pÃ¥ Torshov de har Tamarind Paste, si fra sÃ¥ jeg ogsÃ¥ kan bÃ¦re med Ã¥ leke."
1336382167807651844,Per Dagfinrud,2020-12-08 18:48:32,@Greco87269770 @klimapsykolog @banrocks @Chriisstinna6 Kritiser alle som har lÃ¦rt seg Ã¥ lÃ¸se utfordringer med vold. Det finnes i flere kulturer. Finnes ikke noen andre perspektiv. Forhold deg ti dissel ekstreme holdninger de har som bruker vold pÃ¥ noe som er lovlig. Fatter du ikke det. Ã… brenne Koranen er ikke ulovlig.
1336376012372914179,Claus Elming,2020-12-08 18:24:04,@briannormark Las Vegas vel. Og de har heller ikke spillet pÃ¥ Vikings nye stadion. Boom ğŸ’¥
1336375117002264581,Maren Ã˜stbÃ¸,2020-12-08 18:20:31,"@WandaOstbo Venter pÃ¥ svar fra Kitchn. De har svart meg en gang, og nÃ¥ venter jeg litt pÃ¥ konklusjonen. Blir faktisk skikkelig sur om de ikke hjelper meg, jeg kan jo ikke ha tallerkener jeg er redd for Ã¥ bruke!"
1336374953764130817,En gjennomsnittlig gjennomsnitts mann ğŸ˜´ğŸ˜´,2020-12-08 18:19:52,"@undervurdert_ Kan vi ikke avskaffe dem da de har NULL funksjon.
Dagbladet trillet 1 pÃ¥ debut albumet til White Lies som senere ble kÃ¥ret til Ã¥rets album av rolling Stones.

Radiohead ble slaktet med en ener og skrev Tom Yorke hÃ¸rtes ut som kattejammer.

Er milloner av eksempler"
1336021855359143938,Pumaen,2020-12-07 18:56:47,VIF kjÃ¸pt dommarn idag tru Ã¦ eller ka @nff_info ?? Trist at dÃ¥kk har sÃ¥nne dommera #Eliteserien
1336447472697303040,ResistanceNow,2020-12-08 23:08:02,@audunlysbakken HÃ¥per SV gjÃ¸r noe mer enn Ã¥ foreslÃ¥ dette. Hehe nÃ¥r de satt i regjering la dere dere under veivalsen frivillig. Skal noen stemme pÃ¥ dere igjen bÃ¸r dere i opposisjon vise mer muskler enn dere har gjort fÃ¸r!
1336439193866817538,TD Vestby,2020-12-08 22:35:08,"@Wynzi87 Dere har jo ingen bedre spiller til Ã¥ ta plassen, og om dere vil ha en trener for Ã¥rene frammover hjelper det ikke Ã¥ sparke alle dere fÃ¥r inn. Ã… satse pÃ¥ Ole er det beste dere kan gjÃ¸re"
1336438110113193987,chillhelm,2020-12-08 22:30:49,Krem ğŸ¤­ etter dere har hÃ¸rt dere gjennom episodene til @ChrisVonheim selvfÃ¸lgelig ğŸ˜‰ğŸ˜ƒ
1336436303785816064,Kristian TjÃ¸rhom,2020-12-08 22:23:39,"@MagnusBarstad @evenmeinseth Mener pÃ¥ jeg traff pÃ¥ 79, men aner ikke om jeg var fÃ¸rst. Satser pÃ¥ at dere har kontroll pÃ¥ det"
1336436108171890688,Reguler og fÃ¥ kontroll,2020-12-08 22:22:52,"@politiagder Historien vil dÃ¸mme dere, og nÃ¥r en fremtidig regjering gÃ¥r ut med en offisiell unnskyldning for det svineriet dere har stelt i stand, sÃ¥ sitter dere pÃ¥ gamlehjemmet og skammer dere inn til beinet over det nyhetsinnslaget."
1336435738406244353,Reguler og fÃ¥ kontroll,2020-12-08 22:21:24,"@polititroms NÃ¥r en fremtidig regjering gÃ¥r ut med en offisiell unnskyldning for det svineriet dere har stelt i stand i disse Ã¥rene, sÃ¥ sitter dere pÃ¥ gamlehjemmet og skammer dere inn til beinet over det nyhetsinnslaget."
1336432683761750016,Mats,2020-12-08 22:09:16,"dere har kanskje skjÃ¸nt det allerede, men det er altsÃ¥ jeg, @matsska, som stÃ¥r bak @NisselueP ğŸ¤·ğŸ¾â€â™‚ï¸ gÃ¸y, si. https://t.co/8wd6hdvm9N"
1336413874032152578,Aleksander HusÃ¸y,2020-12-08 20:54:31,Spillrom sier du? NÃ¥ ble jeg nysgjerrig! Spillrom dere har eller spillrom under utvikling? Hva er formÃ¥let? Spill i undervisning? Esport? Sosialpedagogisk arbeid? Etc. https://t.co/KgGDPW8zyI
1336411993700528135,Mats90,2020-12-08 20:47:03,@TheManUtdWay @ViaplayVeland er denne dritten seriÃ¸st den beste dommeren dere har Ã¥ by pÃ¥ i Spania? Faens idiot
1336407042500808706,vekslepenger,2020-12-08 20:27:22,"Mange av dere har fÃ¥tt 500kr til bruk i Tibber Store allerede.

FÃ¥ sexy strÃ¸m!

https://t.co/6NeeKOSOrR"
1336406337471860736,Kai,2020-12-08 20:24:34,"Dame som har invitert med Lasse og Geir hjem, ser tjuvegods og overdramatiserer litt: - Ã… milde himmel, dere har veâ€¦ https://t.co/arrUTSxcYk"
1336406251383697409,Bruvik,2020-12-08 20:24:14,"@posten_service hei, jeg lurer pÃ¥ hva epostadressen til kundeservice er. Jeg spurte om det for noen dager siden, men dere har ikke svart"
1336360230607859719,Adenomyose ğŸ’œ,2020-12-08 17:21:22,"Kjempebra at dere setter fokus pÃ¥ PCOS og hvordan det pÃ¥virker bÃ¥de idrettsutÃ¸vere og oss vanlige, men sprÃ¥ket dere har brukt er dessverre ikke inkluderende @NRKno 

https://t.co/uVrZQZJPt2"
1336354271034548224,Joachim,2020-12-08 16:57:41,"@SteinarBL Er dette Ã¥ tolke som et partsinnlegg? Hemsedal Venstre Ã¸nsker seg flere innbyggere, og dere har valgt dere ut disse ti som hurtigvalg?"
1336340837064577024,Marit,2020-12-08 16:04:18,"@DRumsgard For en fin gjeng du har rundt deg! Og sÃ¥ flinke dere har vÃ¦rt som har holdt sammen alle Ã¥rene. Jeg ble sÃ¥ glad pÃ¥ dine vegne av dette, skikkelig fint Ã¥ lese. 
Nyt alle lukene og dagene videre. ğŸ¥°"
1336340521699045376,Lars H Vik,2020-12-08 16:03:03,@johnakefors @iiiiii_x_iiiiii Og dere har ikke lyst til Ã¥ vÃ¦re unntaket?
1336334067004887045,Silje Ljosland Bakke,2020-12-08 15:37:24,"@fuchsiablix @Eplefe @sondrelercheno Dere har kanskje ikke reklame-julesanghefter til Ã¥ henge pÃ¥ juletreet, som Hansa lager og deler ut hver jul, pÃ¥ Ã˜stlandet heller? https://t.co/vIMPCOelHw"
1336332806356516870,Fuchsia Blix,2020-12-08 15:32:23,@Eplefe @sondrelercheno Dere har altsÃ¥ sÃ¥ mye rart for dere pÃ¥ vestlandet
1336331524703014913,Per Skute,2020-12-08 15:27:17,"@Sotahjornet - Fantastisk lavmÃ¥l av en kommentar som dere har prestert Ã¥ skrive her:

https://t.co/zaFM4j1czD"
1336331247727955970,Lars H Vik,2020-12-08 15:26:11,"@Torfinnjohansen Ikke uenegi! Mange av oss velter oss i luksus, mens andre lider... bare ikke skjÃ¦r alle over enn kam selv om vi ikke alltid roper ut. Men, ja, dere har stÃ¸tte om dere trenger det."
1336329897979957253,Samuel Sandvik,2020-12-08 15:20:50,@RBVegard @gauseth @yiaman @jonatannation Topp 3 verste spisser dere har mÃ¸tt i Eliteserien. Gjerne noen som gÃ¥r litt under radaren
1336312967294574593,Ajdin Rokolj,2020-12-08 14:13:33,"@JacobGudiol Synes personlig at dere har klare regler som befolkningen kan forholde seg til og som dere kan fÃ¸lge. Hvis man setter klare begrensninger, sÃ¥ vil aksepten bli lavere. Se til Danmark..ingen vil fÃ¸lge regj. anbefaling for julefeiring. Heller rÃ¥d om hvordan man kan feire tryggest."
1336278771557654529,Elin L'Estrange,2020-12-08 11:57:40,"@trudebr @PeterWalseth Bra at det ikke stÃ¥r i programmet. Dere har en infoside pÃ¥ https://t.co/ybiOru8zLh om kontantstÃ¸tte som handler blant annet om lokale ordninger opp til 3 Ã¥r,"
1336275447588511747,Ğ­Ğ»Ğ¸Ğ½ Ğ»Ğ¸Ñ‚Ğ¾Ğ²Ñ‡ĞµĞ½ĞºĞ¾,2020-12-08 11:44:28,"Ã…ssÃ¥ hvis dere har musikk som hjelper mot gangsperr, sÃ¥ sier jeg ja takk til det og."
1336274295325077504,Vegard Viland Helgesen,2020-12-08 11:39:53,@Glimt @FKHaugesund Dere er ikke interessert i Ã¥ ta dere en tur ut pÃ¥ byen ved ankomst Haugesund da? Byen har mange flotte vannhull Ã¥ by pÃ¥. Dere har fortjent dette nÃ¥ gutter. Kampstart er jo ikke fÃ¸r 18:00
1336256367708016640,Anna Tema,2020-12-08 10:28:39,"@JoEllegard @segrov Denne professoren sier jo rett ut at de har mange ""venner"" i Wall Street, i eliten (deres ord hvis oversettelsen er korrekt) og i Washington. SÃ¥ nevner han spesifikt: ""Hvem tror dere har betalt Hunter Bidens forretninger? SkjÃ¸nner dere? Det er mange bÃ¥nd."" Men ingenting Ã¥ se her."
1336252881394143232,Jonas Solbu Gulbrandsen,2020-12-08 10:14:47,"@NestleNorge @starnamedstork @CSpange @EnnySolli Haha! Dere er kanskje forferdelige, men dere har god humor"
1336246246521131009,Majka,2020-12-08 09:48:26,"@tovehefe @lyrica1985 @Dotafyren Nei de er nok bare for store for dere. Har samme problemet, siden one size pÃ¥ apoteket er stÃ¸rrelse ekstra hest eller noe. Jeg bruker en strikkemarkÃ¸r til Ã¥ feste munnbindet bak hodet, fÃ¸r jeg klemmer det fast pÃ¥ nesa og justerer. Da sitter det bedre. ğŸ˜Š"
1336240118517166081,Christer,2020-12-08 09:24:05,"@asbjornmyhre @ValerengaOslo @RBKfotball @Joacim_Jonsson @ToldnesG I denne episoden kan dere fÃ¥ tillatelse til og kun snakke om RBK, popcornen skal faktisk poppes til det. SÃ¥ kan dere snakke om VÃ¥lerenga resten av episoden nÃ¥r dere har snakket dere tom om RBK :D"
1336194892079501312,Shaul Wilhelm,2020-12-08 06:24:22,"@Steinklev Â«Dere har ingen unnskyldning for Ã¥ vÃ¦re idioter lenger.Â»
De holder jo dere opptatt med Ã¥ vÃ¦re sinte over denne saken slik at dere overser alt annet de bedriver.
Virker som en suksessfull taktikk spÃ¸r du meg."
1336113809958834176,FLSTF,2020-12-08 01:02:10,@nooraaliiiiiii @Stines12011718 @oslopolitiops Kos dere med innvandrersÃ¸pla. TrÃ¸sten er at det blir mye verre. Lurer pÃ¥ hva dere sier nÃ¥r dere har blitt knivranet/ voldtatt/ skamslÃ¥tt. Ja til ett fargerikt fellesskap. Hjernevaska idioter.
1336104778049462272,Kjersti StorrÃ¸sten,2020-12-08 00:26:17,@Ringhjem SÃ¥ fint at dere har gjort det! Det hÃ¸rtes veldig koselig ut.
1336069876016885764,Rune,2020-12-07 22:07:36,"https://t.co/06aAMxzrEC
Som de bildene viser ganske greit... 0 interesse av ball.. sÃ¥ for min del blir vurderinga:strengt...Kanskje? Men feil? Aldri i verden.Dino sitt fÃ¸rste kommer som en kombinasjon av to seine taklinger, sÃ¥ sorry RBK men dere har ingenting Ã¥ klage pÃ¥.@ToldnesG"
1336069494524014600,Jon RÃ¸mmen,2020-12-07 22:06:05,"@ViaplaySport Hvorfor sender dere Chiefs-Broncos i opptak nÃ¥, i stedet for Steelers-Washington live?!? Dere har vel rettighetene? #nflnor"
1336064080084406275,Ã˜yvind Steinklev,2020-12-07 21:44:34,"Toppen av kristne verdier for denne regjeringen er Ã¥penbart Ã¥ ikke ha plass til Mustafa i herberget.

Men altsÃ¥:
1) Vi HAR plass. Han er her!
2) FrP har allerede forlatt regjeringen. 

Dere har ingen unnskyldning for Ã¥ vÃ¦re idioter lenger."
1336041100155514883,Blue,2020-12-07 20:13:15,@K_Holm_84 @GretheFjeldstad @GeirThomas Mange mener at forbundet fungerer mer som et forvaltningsorgan enn et sÃ¦rforbund som jobber aktivt og mÃ¥lrettet for utvikling og vekst langs viktige akser. Tavlen med ditt lagoppsett symboliserer dette. Dere har tidvis store problemer med Ã¥ spille dere ut av egen sone. #2hockey
1336034832812486658,HÃ¥vard Johansen,2020-12-07 19:48:21,@LisbethRyneland Dere har minnesmerke pÃ¥ Ã¸ya! Det er plasseringen som er problemet! NÃ¥ mÃ¥ dere gi dere!
1336030949075791880,Hans B.,2020-12-07 19:32:55,@SVparti Dere har jo 18 mill pÃ¥ konto ref regnskapet for 2019. SÃ¥ bare Ã¥ dele utğŸ‘
1336023176623644681,Andreas J Johansen,2020-12-07 19:02:02,"@RBKfotball nÃ¥ bÃ¸r dere ha fokus pÃ¥ hva som faktisk er galt. Det er greit nok at dommerne er ufattelige dÃ¥rlige, men dere har selv satt dere i en situasjon der de kan avgjÃ¸re. NÃ¥ bruker dere vinteren pÃ¥ Ã¥ rydde opp i klubben."
1336009387207376897,Fighting Corruption in Norway,2020-12-07 18:07:14,"Dere som krenkter profeten av islam, av culten mao. Dere har INGEN FREMTID, presterte dette sÃ¸ppelet Ã¥ erklÃ¦re. https://t.co/ZyC7bqDYSz https://t.co/u71FnVlPKO"
1336008238534434816,(((EliMarie))),2020-12-07 18:02:40,"@r_grete @MteTone @ibjerc @OArnfinn @Revetal @KnutWHermansen @PerTopai @AnneHolmen @MarianneM10 @Mannsperson Nam, det at dere har fÃ¥tt lokal take away er jo helt fantastisk bra, kanskje hun mÃ¥ lage seg storkjÃ¸kken etterhvert ğŸ˜‚"
1336005992644042753,Ann-Kristin Wassvik,2020-12-07 17:53:45,"@LillestromSK @eliteserien @obosligaen Bra at dere har rykket opp, sÃ¥nn at dere kan rykke ned igjen! Det var veldig gÃ¸yğŸ¤©"
1336003779058143235,Kong Arne,2020-12-07 17:44:57,"Securitas vaktene var allerede tallrike som rotter. 

Under viruset har imidlertid bestanden eksplodert. 

Dere har merket det. Bare gÃ¥ ut av dÃ¸ra, sÃ¥ er de der og vil gjete deg. 

Â«De gjÃ¸r bare jobben sinÂ»

Tenker dere.

Slutt med det, les heller historie.

Vi har hÃ¸rt det fÃ¸r!"
1335993190684516357,Thomas Vermes,2020-12-07 17:02:52,"@ingelin_n @Klassekampen @KrFNorge Hva med alt annet som dere inviterer Frp til Ã¥ vÃ¦re premissleverandÃ¸rer for, er det det beste dere har Ã¥ by pÃ¥ til det du sier - folk som er opptatt av solidaritet?"
1335992058620891138,Fredrik VestgÃ¥rd,2020-12-07 16:58:22,PÃ¥ sin plass med gratulasjoner til @LillestromSK. Vi trenger et topplag fra Romerike i Eliteserien. PS! Husk at dere har igjen en kamp.
1335984783843860481,everything is not going to be ok,2020-12-07 16:29:28,"@Essensielt_no @erna_solberg @kjellingolf @gurimelby Erna Solberg har jeg ingen tiltro til lenger og Ropstad er jo som han er, men @gurimelby, at ikke dere har litt verdighet igjen er vondt, ass."
1335983108903067651,Rufus,2020-12-07 16:22:49,"@AnjaLindtner Er det de ""barna"" dere har grÃ¥tt og bedt for?"
1335983034378702854,bard.krogstad@gmail.com,2020-12-07 16:22:31,@RBKfotball For MEG er Dere like mye gullvinnere som Oslo-laget. Dere har IKKE TAPT EN ENESTE KAMP i Ã¥rets serie! Stolt av Dere! Skikkelig! â¤ï¸â¤ï¸â¤ï¸â¤ï¸â¤ï¸â¤ï¸ğŸ’ªğŸ½âš½ï¸
1335977122423316484,petter modahl,2020-12-07 15:59:01,"Erik hadde ikke du holdt pÃ¥ 1 som kom skulle hjelpe hadde SÃ…Ã…Ã…Ã… JÃ†VELA MYE VÃ†RT UNNGÃ…TT JA,MEN DETTE VAR GÃ˜Y DERE ER MEDSKYLDIGE,DERE ER SKYLDIGE,DERE HAR HVA Ã… SI,DERE HAR ONDE SKAPNINGER TIL MEG"
1335972837878878208,petter modahl,2020-12-07 15:42:00,"JÃ†VELA FORBANNA MAMMAKNULLJENDE GRÃ…DIGE FORPULTE VRANGFORESTILTE TROR DERE LURER MEG FORBANNA UBETYDELIGE SMÃ… HORER DERE MYTTERISTENE,SMUTTFILM FOLKA LEGENE POLITIET OSV,DE H.A. FITTENE,DE UNTHOUTCHABLES HORENE OG DERE RIKFITTENE ER,HVOR SMÃ… HORER DERE ER OG AT DERE HAR FUCKA MED"
1335972302324895745,petter modahl,2020-12-07 15:39:52,"SER DERE HVA OM Ã… GJÃ˜RE Ã… VÃ†RE VERST MOT MEG VEDDEMÃ…LET DERES HAR FORÃ…RSAKET HVA DERE HAR GJORT,HVA MYTTERIET DERES HAR GJORT,HVA DERE HAR GJOET MOT PLANETEN SELVSTENDIG SÃ… I MÃ…TE TELLUS DENNE PLANET, SER DERE HCA FAEN FOR NOEN FORPULTE SMÃ… JÃ†VELA FITTER AV NOEN FALSKE FORPULTE"
1335969490220281862,Magley Joggings,2020-12-07 15:28:42,"AltsÃ¥, jeg skjÃ¸nner dere har mye Ã¥ gjÃ¸re om dagen @postennorge @posten_service @bringnorge, men trenger det Ã¥ gÃ¥ ut over sikkerheten? 50-60 km/t i blindvei i villastrÃ¸k som ogsÃ¥ er skole- og barnehagevei virker LITT i overkant. Det er ikke der dere henter minuttene dere mangler."
1335961455468961793,SvarvağŸ‡®ğŸ‡¹Tor,2020-12-07 14:56:46,@LillestromSK @eliteserien @obosligaen Dere har ikke vÃ¦rt savnet...HÃ¥per pÃ¥ direkte nedrykk!!ğŸ™ğŸ¼ #rbk
1335957688480641031,carsten stoveland,2020-12-07 14:41:48,"@Fantasyfans_net @EspenNesse @HaakonKile Ligger 37 poeng bak kona, og hun kjÃ¸rer spissrush med Bakenga, Junker og BerishağŸ˜¬ Knallfin podcast dere harğŸ‘ Legger ved laget mitt: https://t.co/Ng53eewtuI"
1335953114868948992,Location Location Location,2020-12-07 14:23:38,"Som dere har ser har det skjedd en del her. Leiligheten var i originalstand (89) nÃ¥r nÃ¥vÃ¦rende eier kjÃ¸pte, og hele er pusset opp. TÃ¸mrerarbeid og elektrisk er gjort av eier selv som er elektriker. https://t.co/TkOdSz0pGs"
1335949639753797635,bjarte,2020-12-07 14:09:49,@Fly_Norwegian Jeg ser sikkert ikke alene om Ã¥ lure pÃ¥ hvorfor dere har en radikal sunnimuslim fra midtÃ¸sten  ved navn Ahmad Abu Nima som vedlikeholdssjef for flyparken deres?
1335934297769992196,Thomas Eriksen,2020-12-07 13:08:51,"@Flikkeshaug Ah, dere har to matcher ja. StrÃ¸mmen borte(?) blir ikke enkelt. Jerv hjemme kan bli bra med poeng."
1335927292485378048,Fruktchampagnepiken,2020-12-07 12:41:01,"@Mathomolew Gratulerer, @Mathomolew! Det dere har nÃ¥, gjÃ¸r meg glad tversigjennom. Unner og Ã¸nsker dere dette levende livet, hver dag, uke efter uke, mÃ¥neder fremover, Ã¥rene som kommer, livet sammen. KjÃ¦re dere ğŸ’“ğŸ’."
1335927129729605632,Corey,2020-12-07 12:40:22,"Hvorfor? Jo fordi lagerbeholdningsfeil er utrolig vanlig og prÃ¸v Ã¥ forklar det til den gjengse idiot. ""HÃ¦? Dere har den ikke? Men det stÃ¥r jo at dere har to igjen pÃ¥ nettsiden deres???""

ğŸ˜©ğŸ˜©ğŸ˜© https://t.co/IG5NjSEEh2"
1335926716200587267,Corey,2020-12-07 12:38:44,"Klikk og Hent-systemer som viser kunden antall en butikk har igjen av en vare kan dra sÃ¥ jÃ¦vlig langt til helvete. Hvis jeg mÃ¥ ta en telefon til der jeg mÃ¥ hÃ¸re pÃ¥ ""Jeg seeer dere har igjen to av denne varen-"" sÃ¥ mÃ¥ faktisk alle dÃ¸."
1335921639922556928,Vidar WaagbÃ¸,2020-12-07 12:18:33,"Vil minne @beatehusa at vi er borgere av Bergen by, som politiker bÃ¸r du yte mer respekt ovenfor velgerne dine enn Ã¥ tilegne dem en passiv rolle som publikum. Du siktet kanskje til at vi er tilskuere til bÃ¸tteballetten dere har satt i gang? Klassisk tragedie av beste sort."
1335921515909566464,Ruben H,2020-12-07 12:18:04,@2sporten ingenting om Nord London Derbiet pÃ¥ sporten. Ikke engang resultatet. Liverpool og Milan fikk dere med. Tragisk. Dere har liksom rettighetene pÃ¥ Premier League. Jo fortere Nent tar over jo bedre!
1335921221607825408,NoName,2020-12-07 12:16:54,"@politiagder Skam dere, henlegger vold og overgrepssaker i fleng, klager pÃ¥ manglende ressurser, men dette kan dere prioritere! Skam, skam, og mere skam! Dere lever i fortiden! Hvor er offeret her? Jo, dere har skapt det! Historien vil dÃ¸mme dere, og det blir ikke pent! #brukerjakt"
1335914651666804737,Utbytteprinsen ğŸ’µ,2020-12-07 11:50:47,@reinvestoren @sivilokonomen Er det forventet at inntjeningne for 2021 vil vÃ¦re like sterk som for 2020? Eller ser vi et snev av corona-effekt for 2020 der en bruker penger pÃ¥ oppussing/interiÃ¸r nÃ¥r en ikke kan reise til syden? Har ikke fulgt med pÃ¥ denne aksjen sÃ¥ interessant hvis dere har synspunkter.
1335907106399150080,Carline Tromp,2020-12-07 11:20:48,"@mohamabd86 @idajahr @Rose_Fagerheim @Zealuu (veit ikke om dette er helt deres felt, men ser for meg dere har noen ideer)"
1335900231418961920,petter modahl,2020-12-07 10:53:29,"Ã… JA JEG MENER DET JEG,KALL FAEN IKKE MEG LANDSFADER I NORGE IGJEN,DERE KAN KJÃ˜SSE MEG OPPI RÃ†VA Ã… SUGE FITTEKUKK I HÃ†LVETE. DERE HAR VIST MEG AKKURAY HVA DERE MEBER OM HCA JEG HAR GJORT FOT DERE JA"
1335899753939427330,Benjamin Saers,2020-12-07 10:51:35,@HardeMottak Jeg mener Ã¥ huske at Marius Amundsen hadde i bioâ€™en sin pÃ¥ https://t.co/kKp5RKo7be at interessen hans var World of Warcraft. Hvilken LSK spiller tror dere har hatt den rareste interessen?
1335895321428324357,Luringen,2020-12-07 10:33:59,@ingejan @HandelshoyskBI Dette er jo helt bemerkelsesverdig med tanke pÃ¥ hÃ¥ndtering deres av Covid-19 ovenfor bacheâ€¦ https://t.co/BcLqz1iXBE
1335887922340524032,petter modahl,2020-12-07 10:04:34,DERE I NORD KALLER FAEN IKJE MEG FOR KAPTEIN DERES DERE HAR VALGT GROOO
1335887346798047234,petter modahl,2020-12-07 10:02:17,"DERE KAN KALKE PÃ… MRG TIL DDRE DAUER SE HVA FAEN DET BRYR MEG JENTER, NORD KIRKA DERE KAN KALLE PÃ… NEG TIL DDRE DSUER,SAMME FAEN KOMMER IKKE JEG NOEN JÃ†VELA GANG IGJEN TIL DDRE ALDRI NEI,SP FUCK YOU OG TAKK FOR VELKOMSTEN SÃ… DRA TIL HÃ†LVETE MED DET DERE HAR STJÃ†LT AV MEG"
1335885745479946240,Thomas Sporsheim,2020-12-07 09:55:55,"@HangelandTV2 @TV2JHBorslid dere har vel du lagt merke til Kanes â€˜smarteâ€™ mÃ¥te Ã¥ gÃ¥ inn i dueller pÃ¥? Ingen setter spÃ¸rsmÃ¥l ved fotballferdigheitene til spissen, men dette ein trend. Utsetter motspelarar for fare! Ikkje smart. https://t.co/dLVE3pVrq3"
1335884543027503104,petter modahl,2020-12-07 09:51:09,"HAR FÃ˜LT INGEN KJÃ†RLIGHET FRA JEG BLE FÃ˜DT TIL NÃ… JA INGEN,DERE HAR JUGI TIL MEDMG,DERE HAR FÃ…TT MINE OG MEG HIT PÃ… LÃ˜GNER FOR Ã… Ã˜DELEGGE OSS,DERE HAR KALT PÃ… MEG,JEG KOMMER,DERE RESPONDERER IKKE OG DERE GIR FAEN NÃ…R JEG KALLER,DA KAN DERE SE Ã… DRA Ã… BRENNE TIL HÃ†LVETE Ã… BRENNE"
1335883763004354560,Solveig Skogen,2020-12-07 09:48:03,"@SAS SAS skjerp dere! Har ennÃ¥ ikke fÃ¥tt igjen pengene for billett som ble kjÃ¸pt i mai. NÃ¥ fÃ¥r vi heller ikke ""voucher"" selv om SAS har sendt mail om det. De gjÃ¸r alt for Ã¥ holde tilbake pengene. Kriminelt! SKAM SAS!"
1335881964893704192,Solveig Skogen,2020-12-07 09:40:54,"SAS skjerp dere! Har ennÃ¥ ikke fÃ¥tt igjen pengene for billett som ble kjÃ¸pt i mai. NÃ¥ fÃ¥r vi heller ikke ""voucher"" selv om SAS har sendt mail om det. De gjÃ¸r alt for Ã¥ holde tilbake pengene. Kriminelt! SKAM SAS!"
1335877676486287361,Svein NordgÃ¥rd,2020-12-07 09:23:52,"Som noen av dere har lagt merke til har Haakon og Mette-Marit for tiden en dÃ¥rlig skjult PR- kampanje

Ikke la dere lure

De prÃ¸ver og skape en kunstig avstand fra den konspirasjonen de har beskyttet i over et tiÃ¥r

Ikke la dere lure av de falske menneskene dÃ¦r."
1335858877674508288,AltomNBA,2020-12-07 08:09:10,"Hva med vÃ¥re svenske venner? Er dette en hit or miss? Hvem mener dere har vunnet og tapt denne offseason?

@NickRajacic
@BankvarmarnaSWE
@Johnsson81 
@AddisNimmerstam
@StfnJvnvc
@HScholdstrom"
1335844679414321152,Arped,2020-12-07 07:12:45,"@SpSvelle Hvem har flyttet flest statlige arbeidsplasser ut av Oslo ??? Dere eller @Hoyre ?? Dere har ikke fÃ¥tt @Arbeiderpartiet med dere pÃ¥ og flytte noen i det hele tatt, eller??"
1335825901880299523,petter modahl,2020-12-07 05:58:08,"DERE HAR VALGT MEG BORT FRA Ã… VÃ†RE LANDSFADER,DA BLIR DET LANDSDIKTATOR"
1335825414716055553,petter modahl,2020-12-07 05:56:11,"SÃ… SKAL JEG HA HVER ENESTE MANN I WILHELS SLEKTA BORTVIST FRA NORGE WVIG,SÃ… SKAL HEG HA DE JENTENE DERES SOM DERE SANGER SÃ…NN DERE HAR BOLLE JENTENE SOM FANGEER OH Ã†G MINE MODAHL JENTER SOM FANGER I PSYKERIATRIEN JAAA"
1335819267938324482,petter modahl,2020-12-07 05:31:46,DERE HAR PELY UT Ã˜YA PÃ… FEIL MANN JA Ã… STAPOA DE FEIL STED DETTE ER DET IKKE TILGIVELSR FOR Ã… JESU SKAL HA HÃ†ALT ALT ALT ALT ALT AV ALLE STRAFF AV ALLE OG DET SKAL DE ALLE HELE ALT AV EKSISTENS SKAL HEVNE DETTE PÃ… DE ALLE
1335818496748433408,petter modahl,2020-12-07 05:28:42,"DWRE JENTER HER I LANDET DERE POLITI OSV DERE HAR VIST MEG AKKUTAT HVOR STYGG JEG ER HVA JEG MÃ…Ã…Ã… SEE AV MEG SJÃ†L,Ã… JEG BLIR SJUK AV DERE JA SJUK BLIR JEG MED DERE JEG BLIR SJUK"
1335799877763297280,petter modahl,2020-12-07 04:14:43,"DERE HAR VIST MEG I 37 LIKSOM 39Ã…R AKKURST HVA DERE MENER OM DERES LANDSFADER JA,FIR HAN GAV DDRE JO IKKE BARE ALT,FIR OM JEG HADDE DET SKULLE DERRE OGSÃ… HA DET JA"
1335794705620230145,petter modahl,2020-12-07 03:54:10,DERE HAR FORSÃ˜KT SLAPE ETT BEHOV I MEG TIL Ã… MÃ…TTE HA DERE FOR DERE KAN GJÃ˜RE GODT UGJEN DET DETE IKKE KAN OG SLAL BLI STORE PÃ… DET NEMLIG JA
1335792217613537285,petter modahl,2020-12-07 03:44:17,"DEN KJÃ†RLIGHETEN DERE NORGE SENDER MEG NÃ… SOM KJÃ†RLIGHET FÃ˜LES SOM HST,HATET DERWS SOM HAT,ALT DERE HAR ER YDMYKELSE AV MEG,HAT TIL MEG,KJÃ†RLIGHTEN DERE SENDTE MEG DA JEG BODDE PÃ… GATA FÃ˜LES SOM DENNE KJÃ†RLUGHETEN,OG DEN FÃ˜LES HÃ†LVETES JÃ†VELA MYE VERRE ENN NÃ…R JEG BODDE PÃ… GATA."
1335788758801788930,petter modahl,2020-12-07 03:30:32,"JA JEG SKAL BRENNE DERE NORD FOR DET DERE HAR SETT PÃ…,DET DEERE HAR GJORT,DET DERE HSR SPÃ˜KT MED,JRG SKAL BRENNE DERES JA I HÃ†LVETE JA,SÃ… GLEM FÃ˜R ETTER JUL AT JEG MÃ˜TER HU"
1335785355480600576,petter modahl,2020-12-07 03:17:01,JEG SKAL IKKE LEVE NOE STED PÃ… HVA DERE HAR FÃ…TT DERES TIL Ã… TRO JEG TRENGER IKKE VANNÃ†RES AV DERES FALSKE Ã†RE TIL MEG
1335776950196039682,petter modahl,2020-12-07 02:43:37,"Dere er liksom glad i meg som Petter, hva har dere sagt om meg? P dere er ikke GALDE I MEG SOM LANDSFADER,DEN STÃ˜RSTE VIKING,DERES SKAPRR,DERES KRIGER,DERE ER IKKE GLAD I MEG SMILL,IKKE SLEM,IKKE LUTEN,IKE NOE ER GODT NOK FOR DERE DERE HAR FÃ…TT MER FRIHETEN ENN NOE LAND PÃ… JORD"
1335769255657213959,petter modahl,2020-12-07 02:13:02,"JEG DR PAPPA TIL,SJEFEN TIL DAN WINTHER, JEG ER MEDSKAPEREN AV HAN,JEG EE HANS BROR,JEG JEG ER KONG-TROLL-ANGLO = KONG SOM BLE KONG TROLL ANGLO AMOR TELLUS OSV. DERE HAR Ã˜DELAGT KJÃ†RLIGHETEN TIL AMOR JENTER"
1335756698225696768,Marius Dahl,2020-12-07 01:23:08,"@Andersghagen Dere har vel tatt steg siden 80-tallet. Pappa pÃ¥stÃ¥r Ã¥ ha slÃ¥tt ""dere"" med Blindheim den gangen..."
1335749035521572864,petter modahl,2020-12-07 00:52:41,"Jeg har ikke ville ha dere siden jeg sommeren 86 sa dette er jeg ikke med pÃ¥,jeg sa dere er ikke morsomme,jeg sa dette er ingen lek,dere har fÃ¥tt beskjed 15ganger om Ã¥ ligge unna meg"
1335742783659913216,VÃ¥lerenga Fotball Kvinner,2020-12-07 00:27:51,"Takk til de som stifta klubben en julidag i 1913!
Takk til de som satt pÃ¥Â arbeidsutvalgsmÃ¸tet 11. mai 1982 og oppretta damelaget!

Takk til de som rykka opp fra 5. divisjon!

Takk til alle tidligere spillere og ledere! Takk for at dere har vÃ¦rt med pÃ¥ Ã¥ fÃ¥ oss dit vi er i dag!"
1335740156129763329,Rune H.,2020-12-07 00:17:24,"@MoVoJo Enig i at dette er et upset, men sett stÃ¸rre upsets. Enig i at dere har vÃ¦rt langt fra det nivÃ¥et, altfor avhengig av Wilson Ã¥ levere pÃ¥ skyhÃ¸yt nivÃ¥."
1335712227945549833,petter modahl,2020-12-06 22:26:26,"Om jeg tror dere angrer pÃ¥ det dere har gjort kirka,PST,Hells Angeles,Mammamafiaen  Pepperstad mafia'en,om jeg tror dere angrer pÃ¥ det,nei absolutt ikke en dritt nei,JEG TROR DERE ANGRER PÃ… AT DERE BLE AVSLÃ˜RT OG TATT JA OG AT DERE VUSSTE HVA STRAFFA VAR  &amp; GJORDE DET UANSETT JA"
1335709306608607234,Sverre Krogh SundbÃ¸,2020-12-06 22:14:49,"Om dere ikke sÃ¥ Viktor Hovland sin putt akkurat nÃ¥ hÃ¥per jeg inderlig dere har mulighet til Ã¥ spole tilbake pÃ¥ tv'en.

Tenk sÃ¥ mye moro vi skal fÃ¥ lov til Ã¥ oppleve ved Ã¥ fÃ¸lge Hovland fremover. https://t.co/Mb4YGCesOc"