tweet_id,author_name,created_at,text
1334908482345119748,TrÃ¸nder-Avisa,2020-12-04 17:12:38,(+) â€“ KjÃ¦m det fleir sÃ¥nne aria no sÃ¥ gÃ¥r Ã¦! https://t.co/t5v77f0rtJ
1334892100748513280,AnnağŸŒ»,2020-12-04 16:07:32,@flrtseul Ska spÃ¸rre mamma om hjelp nÃ¥r Ã¦ fÃ¦r hjem imorra sÃ¥ fÃ¥r krysse fingran for at d gÃ¥r hehe
1334889198625677316,Tone ğŸ„ ğŸ’€,2020-12-04 15:56:00,"@Laugums_ TAGGING Ã†'KKE NOE TÃ˜FT, DET ER MYE TÃ˜FFERE Ã… SVÃ†LJE EN USIKRA HÃ…NDGRANAT (BANG!)"
1334889097207439361,OveraasğŸ‡³ğŸ‡´,2020-12-04 15:55:36,@Andersonxeu Ã† kommer sÃ¥ tar Ã¦ me sprit ikke spnn jenteopplegg
1334889039514755072,Torstein TrickWik Wik,2020-12-04 15:55:22,"@RebsolSol @EurosportNorge The Leicester Jester... er en variant, d var d Ã¦ ment Ã¥ si hvis Ã¦ sa noe annet ğŸ˜…ğŸ˜…ğŸ˜…"
1334882202174304258,Stian Frimanslund,2020-12-04 15:28:12,"@CoolbetNorge @DavyWathne @Everton @BlackYellow @FCBayernEN Ja skal jaggu prÃ¸ve for fÃ¸rste gang, bare pga Ã¦ he alltâ€¦ https://t.co/3W0csz2h6y"
1334877376090664964,Fredrik G,2020-12-04 15:09:01,RT @Ernst_Oyvind: Ã† skjÃ¸nne ikkje at folk orka Ã¥ se alle kampene i VM
1334869601138696196,Jon Kristian(JonneHex),2020-12-04 14:38:08,"@HansMagnusNils1 Var egentlig sÃ¥nn til meg og, bare at Ã¦ mistenkte at det var sÃ¥nn allerede tvert mediene tok tak i han"
1334868897720397828,AnnağŸŒ»,2020-12-04 14:35:20,"@onthita PrÃ¸vde Ã¥ google litt men fant ikke nÃ¥t Ã¦ forstod:/ Men https://t.co/F65vRWRI6T e ganske bra, der finn du mye rart! Lykke til:)"
1334868607608688640,AnnağŸŒ»,2020-12-04 14:34:11,"@onthita Rip, Ã¦ hadde p...men kan d vÃ¦re nÃ¥t sÃ¥nt at man endre fortegn nÃ¥r mann legg ting inn i parantes? El e d nÃ¥â€¦ https://t.co/1GLRxjqfaE"
1334863405455466500,petter modahl,2020-12-04 14:13:31,"Om Ã¦ kjem te Lani for Dokka imorra, e Dokka mongo el. neeehhheeii jeg har fÃ¥tt meg nye venner jeg,fÃ¥tt meg mange anâ€¦ https://t.co/Mg7EjcsnZM"
1334860556357029888,Nicolas Perle,2020-12-04 14:02:11,@ThoreMehl Ã† hadde gledet meg til nissene pÃ¥ lÃ¥ven maraton. Og nu er alt fjernetğŸ˜­ si ifra om du kommer over den pÃ¥ nettğŸ™„
1334859549501775872,Travpus ğŸ´ğŸ¥‚,2020-12-04 13:58:11,"Flott! ğŸ˜ Da kan Ã¦ se at R.M.G. Lady In Red vinner Hesteierkanna live.. ğŸ´ğŸ‰
https://t.co/gSGCo77WLe"
1334856664500068352,Iver ğŸ‡§ğŸ‡»ğŸ”°,2020-12-04 13:46:43,@efcBuggi @ToldnesG @asbjornmyhre @Joacim_Jonsson @Glimt Ã† gikk pÃ¥ barneskole med han
1334855238273163264,JCğŸ‡³ğŸ‡´,2020-12-04 13:41:03,@UTDIver @ToldnesG @asbjornmyhre @Joacim_Jonsson @Glimt Bro Ã¦ mÃ¸tte han nettopp pÃ¥ butikken
1334853732232810496,Lars SÃ¸gaard SÃ¸rensen,2020-12-04 13:35:04,@BentePetersen1 DÃ¦ Ã¦ faengalme got Ã¥ fÃ¥ te nÃ¥ dÃ¦ Ã¦ lit kol i Ã¦ vÃ¦e.
1334851383560908801,Kamerat Gulbrandsen,2020-12-04 13:25:44,"@OddKSM @kjetilhope Ã† klar'itj Ã¥ lÃ¦s meldingan din pÃ¥ dialÃ¦kta di, Odd."
1334834634555789313,Torgeir Olsen,2020-12-04 12:19:11,Ã† vil Ã¥ ha siden Siv har gjort det sÃ¥ billig! https://t.co/Ru0Jgu12kT
1334833959725883396,Daniel O,2020-12-04 12:16:30,@OysteinAaNordby Hahaha!!! Ka faen e d Ã¦ skrivğŸ˜‚ğŸ˜‚ğŸ˜‚. Sorry for at Ã¦ ikje veit forskjell pÃ¥ nÃ¦rkontakt og stikkkontakt..ğŸ¤·â€â™‚ï¸ğŸ¤£ğŸ¤£
1334833318517485568,Nicolas Perle,2020-12-04 12:13:57,@einherjer83 @SirGjerd Det blir spennende Ã¥ se...Alt Ã¦ Ã¸nsker meg er et fotballmesterskap fÃ¸r man blir pensjonistğŸ™ˆ
1334831781460250624,GÃ¦rvern,2020-12-04 12:07:51,@KongeAvGrorudda @kristinclemet Poenget er at kommunene ikke fÃ¥r lov Ã¥ regulere tilskuddet til private barnehager.â€¦ https://t.co/PM9KoNPRDo
1334830454168571904,SK Gaski,2020-12-04 12:02:34,"I boka om Siri Hermansens verk Apology, har redaktÃ¸ren fÃ¥tt Steinar Pedersen, Mathias Danbolt og Susanne Christenseâ€¦ https://t.co/fI2JV7RcU1"
1334818608485195778,Odd Arne TjÃ¥land,2020-12-04 11:15:30,"@OJacobsen MÃ¥ hevde se topp internationalt i sin idrett, og topp nasjonalt i annen idrett, sÃ¥ dÃ¥ Ã¦ det fritt fram"
1334813641368088580,Maia,2020-12-04 10:55:46,"@cambilstad For Ã¦ e en nissemannj
Ã† kjÃ¦m ifra nisselanj
Og pÃ¥ loftet har vi laga
Mange fine julegava
Som du te julâ€¦ https://t.co/pV4oBJCmYo"
1334808326408871937,Repurposed (GBF),2020-12-04 10:34:39,"237AF3C6 :Battle ID
I need backup!
Lvl 100 Yggdrasil Omega
https://t.co/RutKeCViEa"
1334803742869348354,SK Gaski,2020-12-04 10:16:26,"Ã† vurdere Ã¥ sende en henvendelse til IT-avdelinga for Ã¥ spÃ¸rre om dem kan ta inn tastaturet mitt til julevask, forâ€¦ https://t.co/7CIFy9eNOo"
1334790307024678919,3RLING,2020-12-04 09:23:03,"@UnibetNorge Det her mÃ¥ vÃ¦r den dummeste lista Ã¦ har skjedd i hele mitt liv. God pÃ¥ basketball, fotball? Ikke sÃ¥ my"
1334785136760643586,SK Gaski,2020-12-04 09:02:30,"Ã† fant et langt mÃ¸rkt hÃ¥rstrÃ¥ inni ene kjoleermet mitt, sÃ¥ Ã¦ tror kjolen min har vÃ¦rt ute pÃ¥ galeien uten mÃ¦? Ã† e misunnelig."
1334778975508377601,GÃ¦rvern,2020-12-04 08:38:01,"@KongeAvGrorudda @kristinclemet Ja det er Ã¥penbart at barnehage eierne tar ut for mye i fortjeneste Ã¦, konsernbidraâ€¦ https://t.co/4vAVTuJkd9"
1334767174498574336,Olav den Hellige,2020-12-04 07:51:07,"RT @LeifDigre: @kkristensen_ No mÃ¥ du pinadÃ¸ gje dÃ¦! Ã† e Ã¦ktfÃ¸dd TrÃ¸nder Ã¦, Ã¥ HÃ¦rregu sÃ¥ stÃ¥ijlt Ã¦ e tÃ¥ d ! 
(At mine foreldre valgte Ã¥ bliâ€¦"
1334757357193146373,Leif Digre,2020-12-04 07:12:07,"@kkristensen_ No mÃ¥ du pinadÃ¸ gje dÃ¦! Ã† e Ã¦ktfÃ¸dd TrÃ¸nder Ã¦, Ã¥ HÃ¦rregu sÃ¥ stÃ¥ijlt Ã¦ e tÃ¥ d ! 
(At mine foreldre valâ€¦ https://t.co/6TsgMxJdtW"
1334745022332284928,MoenğŸ‡³ğŸ‡´,2020-12-04 06:23:06,"@Veestby Ã† har Fiber fra Get som e Telia tror Ã¦, sÃ¥ Ã¦ har decent ping. 10-15 creative, 15-30 ingame"
1334711410446647296,M E G A T R O N,2020-12-04 04:09:32,@yhuenay10 Ae sa qai 5yrs old o iko my sista? ğŸ˜© SubSubSubJnrğŸ’•
1334651196888526851,Daniel O,2020-12-04 00:10:16,"@mariannelakris Punkt 1 Ã…ja du har jobba pÃ¥ PlatekompanietğŸ˜Š
Punkt 2 Ã†rlig talt hÃ¸rte ikje Kurt Nilsen forskjell pÃ¥â€¦ https://t.co/FxA3m1CuUQ"
1334640664026484737,Mari-Ann Hoeggen,2020-12-03 23:28:25,"@ThomasWergeland Ikke Ã¦ heller, venter pÃ¥ Ã¥ komme i julestemning â˜ƒï¸"
1334603752721027075,Torgeir Olsen,2020-12-03 21:01:45,Hiv mÃ¦ i havet og langt ute hvis Ã¦ begynne Ã¥ tulle sÃ¥ mye! https://t.co/hLx9QQf2Xo
1334599086616539153,Gunnar Grindstein,2020-12-03 20:43:12,@MariusHelgaa @RBMorsve @VGSvea @CalleTorp @Olset @ENesje @reidarsollie Husk - Ã¦ e fra Nordland ...:)
1334596954702147587,^,2020-12-03 20:34:44,@lxveyeri har funne my Ã¦ vil ha der ihvertfall den e ganske lÃ¦tt Ã¥ bruk
1334590426150555652,Tina GjÃ¸vik,2020-12-03 20:08:47,"@JomosKosmos Â«Hvis ikke Ã¦ blir invitert pÃ¥ middag, sÃ¥ skal Ã¦ kalle dÃ¦ for Keiko for alltidÂ»."
1334590278561361922,^,2020-12-03 20:08:12,@lxveyeri Ã¦ kjÃ¸pe bare bruktklÃ¦r for tida i bruktbutikka i nÃ¦romrÃ¥det
1334590117344907265,^,2020-12-03 20:07:34,@lxveyeri si fra hvis du finn nÃ¥nn fordi Ã¦ sku gjerne ha visst
1334584515226988545,AnnağŸŒ»,2020-12-03 19:45:18,"Norske folk kor kan Ã¦ kjÃ¸pe bruktklÃ¦r/klÃ¦r fra nettbutikka som e ""grÃ¸nn""? Helst norske hehe"
1334582479538302980,EbrağŸ‡³ğŸ‡´,2020-12-03 19:37:13,@LukeCentral @kjell_bolme @PolitiTrondelag D gÃ¥r heeeelt fint kanskje vi mÃ¸tes pÃ¥ en bar en gang sÃ¥ kan Ã¦ vis han at vi ikke e sÃ¥ ille
1334579475921707017,fossum,2020-12-03 19:25:17,"nÃ¦i
Ã¦ trur rÃ¸varn no ja
mÃ¥ bynj  Ã¥ innsjÃ¥
at
Ã¦ e sjÃ¦fen"
1334910191863730176,BÃ¥rd Egil Eide,2020-12-04 17:19:25,"RT @Vatlestad: GlÃ¸ymde at eg har ein kvelp, i ca. 10 sekunder https://t.co/jQhfac89T8"
1334910141892874240,Maria,2020-12-04 17:19:13,"RT @Eplefe: Eg kan forklare kvifor blackface er rasistisk ogsÃ¥ nÃ¥r det ikkje er brukt i minstrelshows, men du mÃ¥ vippse meg 1500,- fÃ¸rst. Eâ€¦"
1334909961877524480,Bjarte Vatlestad,2020-12-04 17:18:30,"GlÃ¸ymde at eg har ein kvelp, i ca. 10 sekunder https://t.co/jQhfac89T8"
1334909783825068035,Anders Stolsmo,2020-12-04 17:17:48,"RT @olavlundanes: Eg har stor respekt for Johaugs resultater og karriere, men nÃ¥r du bruke 1 Ã¥r pÃ¥ Ã¥ innrÃ¸mme at du som utÃ¸ver har ansvaretâ€¦"
1334908893680590848,Challo e audmjuk â¬‡ï¸â†˜ï¸â¡ï¸+ğŸ‘Š,2020-12-04 17:14:16,RT @Eplefe: Meg som prÃ¸ver Ã¥ overbevise turkameratane mine om at eg absolutt ikkje fekk rabies av min handgemeng med ein vaskebjÃ¸rn
1334907903044673537,Fredrik Meling,2020-12-04 17:10:20,sidde her og Ã¸ve pÃ¥ Mario kart banar eg e dÃ¥rlige pÃ¥ sÃ¥nn at eg kan knusa alle eg spele mot ğŸ˜ğŸ˜
1334906045559435267,Julehuldra,2020-12-04 17:02:57,"Eg tenkjer dagleg pÃ¥ han fyren som i 2016 berre ""hei gutta, gjett ka eg lÃ¦rte av skilsmissa mi? Om dama di dagleg bâ€¦ https://t.co/JkBkfukDCc"
1334905848733310976,Stian Nilsen Nornes,2020-12-04 17:02:10,"@FPLEssential Bruno sin form borte er enorm ja, men skal litt til Ã¥ fÃ¥ meir enn KDB denne trur eg. Alt under 10p pÃ¥â€¦ https://t.co/aH3zCjQlTB"
1334905718026235904,SÃ¸lvi Nerem Berg,2020-12-04 17:01:39,@miss_tillit Det Ã¥ret eg blei fÃ¸dt klarte dei ikkje Ã¥ kÃ¥re ein vinnar. Fire land delte fÃ¸rsteplassen. Var nok eit forvarsel om kaos ğŸ˜³
1334905492649484290,Knut-H Nordskog,2020-12-04 17:00:45,"Eg Ã¸nsker meg slike geleputer te peltorklokkene mine te jol. 
Eg mÃ¥ nok kaupe dei sjÃ¸lv."
1334905440916877313,Torizobror Christensen,2020-12-04 17:00:33,"RT @Eplefe: Eg kan forklare kvifor blackface er rasistisk ogsÃ¥ nÃ¥r det ikkje er brukt i minstrelshows, men du mÃ¥ vippse meg 1500,- fÃ¸rst. Eâ€¦"
1334905146074075138,Rebecca SuperanonymğŸ’€,2020-12-04 16:59:22,"Eg kan forklare kvifor blackface er rasistisk ogsÃ¥ nÃ¥r det ikkje er brukt i minstrelshows, men du mÃ¥ vippse meg 150â€¦ https://t.co/SsMezsOb0C"
1334904900455686144,Ã˜ystein B. Lemvik,2020-12-04 16:58:24,"@sjakhaaheim @wordpressdotcom For Ã¸vrig, sidan eg har sagt at kjeldekritikken er svak her, og du ikkje har fulgt deâ€¦ https://t.co/W5r95PcHAo"
1334904668250583048,SÃ¸lvi Nerem Berg,2020-12-04 16:57:28,"@grovtskadeverk Eg er ogsÃ¥ glad i kjÃ¦resten til kjÃ¦resten din â¤ï¸ (Og i Hirka ogsÃ¥, dÃ¥)"
1334904617520476163,Knut Hov,2020-12-04 16:57:16,"RT @olavlundanes: Eg har stor respekt for Johaugs resultater og karriere, men nÃ¥r du bruke 1 Ã¥r pÃ¥ Ã¥ innrÃ¸mme at du som utÃ¸ver har ansvaretâ€¦"
1334903346138902528,Ã˜ystein B. Lemvik,2020-12-04 16:52:13,"@sjakhaaheim @wordpressdotcom Eg har fulgt desse debattane i over ti Ã¥r no, og det er forstemmande at desse *grunnlâ€¦ https://t.co/ES4AebVLXa"
1334902714879385603,Ã˜ystein B. Lemvik,2020-12-04 16:49:43,"@sjakhaaheim @wordpressdotcom Du har forstÃ¥tt deler av det, men alt for lite. Same som han du lenker til.

For: bÃ¥dâ€¦ https://t.co/AEa611qZf3"
1334902652648480775,Edith Bir ğŸ³ï¸â€ğŸŒˆ,2020-12-04 16:49:28,"@FlisaFakto Eg fekk litt hjelp av sambuaren min, og syns vi var veldig gode i lag i dag! ğŸ™ˆ"
1334902525619822594,â„ï¸ğŸ¦´BeinrangelğŸ¦´â„ï¸,2020-12-04 16:48:58,@noregsmallag Kan ein fÃ¥ rekninga for Ã¥ vere medlem i posten eller pÃ¥ mail i staden for pÃ¥ telefonen? Det er ikkjeâ€¦ https://t.co/A0idiKdfHv
1334902300637356032,AntifAnders LÃ¸keland SlÃ¥ke,2020-12-04 16:48:04,"Berre ein liten anonym poll her fordi eg ikkje fattar Ã¥ begripe at folk mislikar Munch-logoen sÃ¥ sterkt, og eg er râ€¦ https://t.co/Zzmheh9eqt"
1334901791650156545,"Morten, men ekstra lei",2020-12-04 16:46:03,"@ungkommunist Eg har hÃ¸yrt eitt (1) album av Swans, og eg er overtydd om at svanar er onde dyr"
1334901489526075393,Tarjei SkjÃ¦rset,2020-12-04 16:44:51,@maritoimoen @Ulsrub @renatheer @kaveh_rashidi Eg meiner altsÃ¥ ikkje at det skal vere ulovleg Ã¥ ikkje amme utan gruâ€¦ https://t.co/dotwmyiVG6
1334901175804702722,Marianne,2020-12-04 16:43:36,"@JohanVasara Eg fikk et ufattelig tydelig bilde av alle guttan pÃ¥ ungdomskolen nÃ¥, skutt ubedt rett forran Ã¸yan."
1334900458381602819,Dag Idar JÃ¸sang,2020-12-04 16:40:45,"@tkknamely @ABLillebergen Veit at Bayern Munchen vann eit par pokalar sist sesong, men var det ikkje ein sesong medâ€¦ https://t.co/NI3o2CfP6w"
1334899900702740486,Sondre Skar,2020-12-04 16:38:32,"RT @olavlundanes: Eg har stor respekt for Johaugs resultater og karriere, men nÃ¥r du bruke 1 Ã¥r pÃ¥ Ã¥ innrÃ¸mme at du som utÃ¸ver har ansvaretâ€¦"
1334899667948216321,Tarjei SkjÃ¦rset,2020-12-04 16:37:36,"@maritoimoen @Ulsrub @renatheer @kaveh_rashidi Dette er bare whataboutism, det er klart det finnes andre problemerâ€¦ https://t.co/80QHFWPu5u"
1334898712695500800,Inger ChristinğŸ¥µğŸ˜ğŸ˜³,2020-12-04 16:33:48,@blondina_den1 Sku Ã¸nske eg kunne sagt d berre va ein fÃ¸lelseğŸ˜­
1334898701119221763,Laila Monica Vedumstuen HÃ¸ibakken Nikolaisen,2020-12-04 16:33:46,Jeg husker ogsÃ¥ at jeg ble lÃ¥st inne dere da jeg leste av strÃ¸mmen fÃ¸r eg hadde flyttet inn. Det var da jeg ba om aâ€¦ https://t.co/gKiIhmEhdI
1334898211295801345,Andrej Helgesen,2020-12-04 16:31:49,"@Sivert_Berg Jeg tror det er same for meg, men eg tÃ¸rr ikke si det i tilfelle eg har feil..."
1334898193558073346,Arild FÃ¦raas,2020-12-04 16:31:45,"@eidsvag Hehe, eit slags Sauda-klÃ¸yvd-infinitiv altsÃ¥? Men, som eg hÃ¥pe kom fram i tweeten og, veldig fin lÃ¥t! :-)"
1334896247157698561,@BjÃ¸rnLien70,2020-12-04 16:24:01,"RT @olavlundanes: Eg har stor respekt for Johaugs resultater og karriere, men nÃ¥r du bruke 1 Ã¥r pÃ¥ Ã¥ innrÃ¸mme at du som utÃ¸ver har ansvaretâ€¦"
1334896097572118528,Axel Fjeld,2020-12-04 16:23:25,"RT @SunBunGames: @miss_tillit Herregud, dette er sÃ¥ sÃ¸kt. Har ikkje dei dekka ""den andre siden av debatten"" nok ganger no?
Det er sÃ¥ mangeâ€¦"
1334895385999970305,mogulin blogi,2020-12-04 16:20:35,"RT @olavlundanes: Eg har stor respekt for Johaugs resultater og karriere, men nÃ¥r du bruke 1 Ã¥r pÃ¥ Ã¥ innrÃ¸mme at du som utÃ¸ver har ansvaretâ€¦"
1334894277109968898,Rasmus Ã˜xnevad,2020-12-04 16:16:11,"RT @olavlundanes: Eg har stor respekt for Johaugs resultater og karriere, men nÃ¥r du bruke 1 Ã¥r pÃ¥ Ã¥ innrÃ¸mme at du som utÃ¸ver har ansvaretâ€¦"
1334894087896510472,BjÃ¸rn EidsvÃ¥g,2020-12-04 16:15:26,"@afaeraas Eg irriterer meg litt sjÃ¸lv. Ã…rsaker meg med at det ikkje var uvanleg i Sauda, dÃ¥ eg vaks opp."
1334894020699545603,Alv529,2020-12-04 16:15:10,"RT @Eplefe: DÃ¥ eg gikk pÃ¥ vgs hadde vi sÃ¥nne shitty 3mm tjukke kondom osm gratisgummi hos helsesÃ¸ster, sÃ¥ ser eg at elevane pÃ¥ min skule fÃ¥â€¦"
1334893332875632641,Awesomestasia,2020-12-04 16:12:26,"Hva fÃ¸les som masochisme,men er ikke?
For meg er det plantehold. 
Kun de sterkeste tributes overlever mitt vinduskaâ€¦ https://t.co/a4SKWF2RD7"
1334893165074141186,Rebecca SuperanonymğŸ’€,2020-12-04 16:11:46,"DÃ¥ eg gikk pÃ¥ vgs hadde vi sÃ¥nne shitty 3mm tjukke kondom osm gratisgummi hos helsesÃ¸ster, sÃ¥ ser eg at elevane pÃ¥â€¦ https://t.co/CUpgDUW56P"
1334892773170958337,Martin AkerbÃ¦k,2020-12-04 16:10:12,"RT @olavlundanes: Eg har stor respekt for Johaugs resultater og karriere, men nÃ¥r du bruke 1 Ã¥r pÃ¥ Ã¥ innrÃ¸mme at du som utÃ¸ver har ansvaretâ€¦"
1334892332659904515,Magnus,2020-12-04 16:08:27,"I dag, kjÃ¦re fÃ¸lgjarar, har eg kjÃ¸pt ei flaske vodka for fÃ¸rste gong i mitt 26 Ã¥r lange liv (skal ha det i pasta)."
1334892161976979459,Line LÃ¸seth,2020-12-04 16:07:47,"Etter ein laaaang dag med nullpunktvolum, nullpunktomsetning, alle moglege einingskostnadar, dekningsbidrag, grafarâ€¦ https://t.co/rv6O8Lh1Wm"
1334891882980270082,VebjÃ¸rn Sture,2020-12-04 16:06:40,"RT @magloken: Spennande forsking! Eg kan grunngi nynorskbruken min pÃ¥ mange og til dels innvikla mÃ¥tar, men i akademia er det viktigaste atâ€¦"
1334891595246735360,Simon,2020-12-04 16:05:32,"RT @SimonBoba: Har eg nettopp sett ein 1 time lang loop av Vibing Cat som lyttar til tittelsporet av The Mandalorian? Ja. Ja, det har eg. hâ€¦"
1334890178394066944,Magnus Halsnes,2020-12-04 15:59:54,@lambrechts @tanketom Ikkje sant! Eg kjenner fleire eg ikkje er i slekt med.
1334889833924268033,Tone Bakke,2020-12-04 15:58:32,"Nope. Eg fylte ut feil.

Det er latterleg kor fortvilande det opplevast Ã¥ kommunisere med nav sentralt via skjema.â€¦ https://t.co/H0q62jIo8f"
1334889726134923265,KarrilouğŸŸğŸŒªğŸŒŠâ€Anna Snoppâ€,2020-12-04 15:58:06,"@SaysPhilippe Veit ikkie. Ein ting er i alle fall sikkert, og det er at vi trekkspelararar kjem langt bak i vaksineâ€¦ https://t.co/1Lf26efls3"
1334889684128980993,ğŸ³ï¸â€ğŸŒˆ Dr Prinsesse Soda ğŸ³ï¸â€ğŸŒˆ,2020-12-04 15:57:56,En ting jeg synes er innmari koselig er Ã¥ gÃ¥ inn pÃ¥ den der channel analytics (hvor man kan se nÃ¥r folk har sett viâ€¦ https://t.co/71iajvu534
1334889336660234241,Andreas Hadsel Opsvik,2020-12-04 15:56:33,"@lambrechts @MagnusHalsnes Eg er LITT usikker pÃ¥ om sogningar, nordfjordingar et. al. bÃ¸r kapitalisere pÃ¥ vitsar om begrensa gendiversitetâ€¦"
1334888610336821254,Rebecca SuperanonymğŸ’€,2020-12-04 15:53:40,Og hesten til Jonas som smiler med omtrent like mykje tannkjÃ¸t som eg gjer. https://t.co/wMIBiwmGgP
1334888557677342725,Thor Olav Iversen,2020-12-04 15:53:27,@realRogerCh Eg trur absolutt at du peikar pÃ¥ noko vesentleg. Bolton har fÃ¥tt veldig mykje merksemd etter at han tiâ€¦ https://t.co/O23hlCFrEw
1334887487676805121,Sivert Garvik,2020-12-04 15:49:12,"RT @olavlundanes: Eg har stor respekt for Johaugs resultater og karriere, men nÃ¥r du bruke 1 Ã¥r pÃ¥ Ã¥ innrÃ¸mme at du som utÃ¸ver har ansvaretâ€¦"
1334886801908117504,Rebecca SuperanonymğŸ’€,2020-12-04 15:46:29,"@VetleMikkelsen @sprakradet Eller ""lille"", ordet eg skriv feil absolutt oftast. ğŸ˜­"
1334886783306305537,Modulf RÃ¸yset,2020-12-04 15:46:24,"@kjemiSarah Eg gjorde noko liknande for nokre Ã¥r sidan. Eg pressa ein kar hardt utover sidelinja, og deiste i golveâ€¦ https://t.co/ZwBQzxJWpL"
1334884974898634758,elizabethâ· HAPPY SOOBIN DAY,2020-12-04 15:39:13,"regner fra blÃ¥ himmel og ingen andre ser det, og den skyen eg stÃ¥r under bare venter pÃ¥ Ã¥ bli flere"
1334883162456018945,Knut RÃ¸neid,2020-12-04 15:32:01,"@MalaWolf @petermoilanen Denne taktikken er velkjent.

Snille meg er jo blokkert fra @nnpf3 sine FB-sider, samt detâ€¦ https://t.co/d36tjrkP9z"
1334882311196831744,T Lange,2020-12-04 15:28:38,"RT @Ernst_Oyvind: 140 tegn? MÃ¥ jeg skrive minst 140 tegn? Jaja, det er vel et genialt hode som har sine eigne ideer om kordan ting skal gjÃ¸â€¦"
1334882028454621186,Huderrederre,2020-12-04 15:27:31,"Da sa norsken:
- Eg skal ut og kjÃ¸pe fleire jernrÃ¸r til Ã¥ banke kona med snart - ja, altsÃ¥, med mindre ungane faktiâ€¦ https://t.co/yBHrh8DEdq"
1334881736120029186,Bente ğŸ‘©ğŸ»â€ğŸ«,2020-12-04 15:26:21,Jeg kaster ikke bÃ¸ker - litt problematisk nÃ¥r man er evig student og kjÃ¸per fagstoff i tide og uttide. I dag kom 17â€¦ https://t.co/F4T7Qk4MpC
1334881718784815106,Reijo Anttila,2020-12-04 15:26:17,"RT @olavlundanes: Eg har stor respekt for Johaugs resultater og karriere, men nÃ¥r du bruke 1 Ã¥r pÃ¥ Ã¥ innrÃ¸mme at du som utÃ¸ver har ansvaretâ€¦"
1334881135755730944,Juha Miettinen,2020-12-04 15:23:58,"RT @olavlundanes: Eg har stor respekt for Johaugs resultater og karriere, men nÃ¥r du bruke 1 Ã¥r pÃ¥ Ã¥ innrÃ¸mme at du som utÃ¸ver har ansvaretâ€¦"
1334880745282801665,Ole Svarthumle,2020-12-04 15:22:25,"@MagnusHalsnes @tanketom Eg har tenkt ut eit hoggande godt svar, men eg mÃ¥ berre ete fysst."
1334880293518446594,Erik Steenbuch Huse,2020-12-04 15:20:37,"@AJHaukenes @CSpange Kvifor ho tok det ? Vel fordi legen gav det til ho.
Det var no ein av delane av domen. Ho ikkjâ€¦ https://t.co/1vIye5peDr"
1334880251399299073,The Helly,2020-12-04 15:20:27,"@OdaRygh Herregud, er det ekte? Eg trudde det var ein nemne."
1334880111582208002,Ã˜yvind LÃ¸kke Vie,2020-12-04 15:19:54,"RT @olavlundanes: Eg har stor respekt for Johaugs resultater og karriere, men nÃ¥r du bruke 1 Ã¥r pÃ¥ Ã¥ innrÃ¸mme at du som utÃ¸ver har ansvaretâ€¦"
1334879622027206656,Rebecca SuperanonymğŸ’€,2020-12-04 15:17:57,"@Laugums_ @vannkoker @oppspist @jegerlilla @blekkfisk @OddKSM @SuzyLemmingroad @Herrbrun Ã… nei, eg blir den vanskelâ€¦ https://t.co/gcLy3MoT8d"
1334879552443707399,ordatoreiet,2020-12-04 15:17:40,"Eg kan ikkje seie kva det gjaldt, men det eg kan seie er at eg fekk eit brev i postkassa i dag som gjorde meg SÃ†RSâ€¦ https://t.co/fCZl6jtoYO"
1334877899028099074,Dag Idar JÃ¸sang,2020-12-04 15:11:06,@GodtPa @Roarkerlund Eg har lite Ã¥ ta meg frÃ¥ nyttÃ¥rsfeiringane pÃ¥ diskoteket pÃ¥ Bokn pÃ¥ 80-talet som ville blitt gâ€¦ https://t.co/q9OqJCE8Ie
1334876567768600578,Eirik Jensen,2020-12-04 15:05:49,"RT @JarlWaage: Fyrste gong eg hÃ¸yrde om at FrP ville favorisere kristne flykningar, var det Sylvi Listhaug som fronta forslaget. Eg tenkteâ€¦"
1334876151395790851,Andreas Hadsel Opsvik,2020-12-04 15:04:09,@MagnusHalsnes Det var faktisk deg eg tenkte pÃ¥ dÃ¥ eg skreiv denne vitsen. Eg har altsÃ¥ nÃ¥dd 100% av anteke mÃ¥lgrupâ€¦ https://t.co/YYgQCKb11f
1334875345670070284,Abu Morgil ğŸ‡¾ğŸ‡ª,2020-12-04 15:00:57,"@RekstadYvind 5 mÃ¥nder uten doping test og sÃ¥ kommer det litt rusk pÃ¥ slutten der, med noen utrolige bukkespring ogâ€¦ https://t.co/2uBrqSyjop"
1334874825802846209,LL Cool JÃ¸rgensen,2020-12-04 14:58:53,"Twitterhjelp! Kva bÃ¸r ei norsk utgÃ¥ve av denne typen film heite i 2020? Ja, eg lagar ""ironisk"" julekort. https://t.co/rK8M7wM19j"
1334874352869847040,Knut-H Nordskog,2020-12-04 14:57:01,Eg er halt stadig vekk sÃ¥ehh... Eg er jÃ¦kla plattfot ladies... https://t.co/eMtQaF2wa7
1334872546055950339,Captain BrunoğŸ”°,2020-12-04 14:49:50,"RT @olavlundanes: Eg har stor respekt for Johaugs resultater og karriere, men nÃ¥r du bruke 1 Ã¥r pÃ¥ Ã¥ innrÃ¸mme at du som utÃ¸ver har ansvaretâ€¦"
1334871574193778689,KarrilouğŸŸğŸŒªğŸŒŠâ€Anna Snoppâ€,2020-12-04 14:45:58,DÃ¥ dÃ¸tra var lita var ho heilt fast bestemt pÃ¥ at haltinga til vÃªren kom av at han hadde para for mykje. Dette harâ€¦ https://t.co/IJqloPp9W8
1334871457487261698,Bent Raknes,2020-12-04 14:45:30,"@Prebens @DavyWathne Noterer meg ""huskeceller"", har du det medfÃ¸dt Davy. Du vet at eg ikke henger med om fortids deâ€¦ https://t.co/suk0o1jCGP"
1334871254646583298,Dag Idar JÃ¸sang,2020-12-04 14:44:42,"@HariwulfR Viss trenarane Ã¸nskjer Ã˜stensen pÃ¥ ny kontrakt blir det nok han som fÃ¥r sjansen frÃ¥ start, trur eg."
1334870511537491970,Hans Gunnar Hagelin,2020-12-04 14:41:45,"@jhannes Ja, eg tolka det vel etter kvart slik. MÃ¥tte berre fÃ¥ fram skuffelsen over at Eurocloud (sÃ¦rnamn) ikkje vaâ€¦ https://t.co/m5z9Uzvbvs"
1334869413611364352,BjÃ¸rn Harald,2020-12-04 14:37:23,"@NilsHenrikSmith Eg drakk Ã¸l og potetballbuffet pÃ¥ Rica Sunnfjord i si tid. Gjer ikkje det igjen, for Ã¥ seie det slik."
1334869303368290306,DarkwideğŸ‡³ğŸ‡´,2020-12-04 14:36:57,@SaileFromEU Ska komma Ã¥ gi deg ein pÃ¥ trynet eg https://t.co/vadE5vd1mX
1334867806945480704,Eirik Fjellanger,2020-12-04 14:31:00,"RT @tangator: Eg nominerer Arild Haugen, Lance Armstrong og Andreas/Heidi Krieger neste sesong."
1334867766810189831,Eirik Helleve,2020-12-04 14:30:50,"@SvenbalDrew Onkel Alf er den einaste som bruker stÃ¸vsugar nÃ¥r han vaskar plenen, sÃ¥ eg held ein knapp pÃ¥ han."
1334867676355768324,Nils Henrik Smith,2020-12-04 14:30:29,"@danieljoachim SjÃ¸lv vil eg nok aldri kunne _nyte_ raspeball, men alkohol gjer det kanskje lettare Ã¥ halde ut?"
1334867597192556547,Nils-Einar Stenmyren,2020-12-04 14:30:10,"RT @olavlundanes: Eg har stor respekt for Johaugs resultater og karriere, men nÃ¥r du bruke 1 Ã¥r pÃ¥ Ã¥ innrÃ¸mme at du som utÃ¸ver har ansvaretâ€¦"
1334867361585909762,Cristina,2020-12-04 14:29:14,@morturguun Du og den polarekspressenğŸ˜‚ Godt eg kunne inspirere til noke.
1334867032236568578,alexâ· JIN DAY,2020-12-04 14:27:55,eg e 99% sikker pÃ¥ at pappa kjÃ¸per EN FAEN MED DASS PÃ… FINN https://t.co/ZP910AZQQr
1334851383560908801,Kamerat Gulbrandsen,2020-12-04 13:25:44,"@OddKSM @kjetilhope Ã† klar'itj Ã¥ lÃ¦s meldingan din pÃ¥ dialÃ¦kta di, Odd."
1334828145128640514,Brinchern,2020-12-04 11:53:24,"@CSpange Heier pÃ¥ positiv endring, men med mange svin pÃ¥ skogen gjenstÃ¥r en del opprydning. NÃ¥r det er sagt, kan jeâ€¦ https://t.co/dVOXbatFuB"
1334822360042573824,fossum,2020-12-04 11:30:25,"det e itj bÃ¦rre Ã¥ bekk

Ã¥ tru at ailt ordne sÃ¦
liksom

det er vÃ¦r ennj som sÃ¥"
1334611345602453510,Nora | blm,2020-12-03 21:31:55,@cannibalpml E sett Ã¥ stirre pÃ¥ skjÃ¦rmen men d bi itj skrevve nÃ¥ğŸ™ƒ
1334469049569456129,Emil,2020-12-03 12:06:29,"@erna_solberg Nynorsk bÃ¸rr itj vÃ¥rrÃ¥ et obligatorisk fag. Fjern d eller gjÃ¸rrÃ¥ d t et sprÃ¥kvalg istede.

Hilsen allj."
1334455026853552129,BÃ¥rd eivind bakk,2020-12-03 11:10:46,@CHKrey @muligensMattis @jonasgahrstore Ã† ty argumentet om itj Ã¥ fÃ¸r jojo-poletikk har relevans.
1334428089103896576,Arne Christian Eggen,2020-12-03 09:23:43,@ctaraldsen Like itj han nye fyren heller eller NFF. NÃ¸yer meg med Ã¥ frÃ¥de over RBK i disse dager.
1334420000455749632,Einar Parelius,2020-12-03 08:51:35,"@aage_no @perandg Nei, lÃ¥g sÃ¥ dÃ¥rlig t Ã¦tt om Ã¦ itj va veldig plaga sÃ¥ va d minner risiko med Ã¥ lÃ¦tt dÃ¦m bÃ¦re vÃ¦rra."
1334290295899373570,memeonkel,2020-12-03 00:16:11,RT @neihvafaen: @hipstamatis kafaen du e jÃ¦vlig rÃ¥ jenta mi itj hÃ¸r pÃ¥ ka hu fittetrynet der sir om dÃ¦ hu e berre sjalu elns
1334290230556430338,Mathias,2020-12-03 00:15:55,@hipstamatis kafaen du e jÃ¦vlig rÃ¥ jenta mi itj hÃ¸r pÃ¥ ka hu fittetrynet der sir om dÃ¦ hu e berre sjalu elns
1334287777404313600,memeonkel,2020-12-03 00:06:10,nÃ¥nn ganga e hjÃ¦rnen sÃ¥ slÃ¦m med mÃ¦ lar mÃ¦ itj sov kalle mÃ¦ hore osv.... d e litt tunngt....
1334254241775489030,Martine âœ¨,2020-12-02 21:52:55,Kom pÃ¥ at jeg skal til tannlegen i morgen. Ã† ork itj
1334105860839256065,Haakon Ulvang,2020-12-02 12:03:18,"DÃ¥rlig #RoomService i kjellerstua...

For itj Ã¥ snakk om manglende #Stuepiker!Â§! https://t.co/3I0r0niDyD"
1334083494574764085,Weiseth,2020-12-02 10:34:25,"@Dotafyren De er kule og morsomme Ã¥ kjÃ¸re! Funker overraskende bra pÃ¥ langkjÃ¸ring, sÃ¥ lenge det itj e slaps og spor.."
1334042206735306752,BÃ¥rd eivind bakk,2020-12-02 07:50:22,Det sjer da itj sÃ¥ verst ut det vi gjÃ¸r. https://t.co/brgFVrhVUY
1334034382391304195,MelisbollemusağŸ¤¶ğŸ¨ğŸ³ï¸â€ğŸŒˆ,2020-12-02 07:19:16,"Kain itj vi bare slÃ¦tt aille partian og begynn pÃ¥ nytt?

Faen sÃ¥ lei av maktkÃ¥te egoista.

Hiv dÃ¦m pÃ¥ sjÃ¸en, det haâ€¦ https://t.co/Tty2rjO8Ak"
1333764785721192450,Arwen ğŸ’œ Beidou Worshipper âš¡,2020-12-01 13:27:59,"since zhongli is trending here in norway, det betyr at Ã¦ ska faen mÃ¦ fÃ¥ han i neste wish roll, Ã¦ lage itj reglan"
1333736446927249409,Ã˜yvind SÃ¸tvik Rekstad,2020-12-01 11:35:23,@bentehpeder Trenger ikke vÃ¦re mote-ekspert for Ã¥ trille terning pÃ¥ den der. SÃ¥nt nokka har vi itj i byâ€™n!
1333716580086190080,Haakon Ulvang,2020-12-01 10:16:26,"StÃ¦mme det,

va akkurat i forbindelse med #Julnissen - han va itj videre begeistra for sporadiske utbrudd avâ€¦ https://t.co/rxTLeMCRe1"
1333543202201231360,Ã˜yvind SÃ¸tvik Rekstad,2020-11-30 22:47:30,@skrepped @StoriSimen @mortenalver @StivJens @ErikaOppgradert Itj Ã¥ ROT det te her no!
1333531319222099968,tore prestmo,2020-11-30 22:00:16,"@pst_77 e sÃ¥ gÃ¦Ã¦Ã¦li vondt Ã¥ sjÃ¥ pÃ¥ dÃ¦rre..... Ã¥ ikke sjÃ¥ holdninga e itj klaaaar nok feil t at VAR grip inn, sjÃ¸l om den fÃ¸re t offsideğŸ¤·â€â™‚ï¸"
1333499118027673614,Odin Bathen Nonstad,2020-11-30 19:52:19,@halvblodsprins OG DU HAR ITJ NÃ… Ã… STRESS MED SÃ… DU KAN SLAPP AV
1333465996590538756,fossum,2020-11-30 17:40:42,"jaa
det er om og gjort Ã¥ fÃ¥ dÃ¦m te Ã¥ forstÃ¥

men det er faan itj sekkertj gÃ¥r an"
1333400623618924544,HÃ¥kon P. Kjeldsen,2020-11-30 13:20:56,Koffer kan itj VAR lever en kameravinkel som gÃ¥r rett pÃ¥ forsvarslinja? Klink umulig Ã¥ sjÃ¥ nÃ¥r bildet e skrÃ¥tt https://t.co/F2ZRKHWk3Z
1333303728267550720,Ã¦rbekÃ¥podcasten,2020-11-30 06:55:55,@SimonAunan @RBKUtenKontekst @Troillprat @MathiasF02 OgsÃ¥ e det litt sÃ¥nn i TrÃ¸ndelag at om en trener itj vinn medâ€¦ https://t.co/BeEexJuvjH
1333165608280727556,ole morten holmeng,2020-11-29 21:47:04,@erlendaas13 @SpursIad E itj god te nÃ¥! Utrulig ka man kan oppnÃ¥ lell ğŸ˜
1333120371214737409,Hilde Loktu,2020-11-29 18:47:19,"Rosenborg har ikke vÃ¦rt sÃ¦ sjÃ¸l Ã¦tter juli 2018. Og d bÃ¸r KOTENG tÃ¦nk jÃ¦vli hardt pÃ¥!!! GÃ¥ av NO!!

Jada dÃ¦m hadd sâ€¦ https://t.co/ZhaW6j9rY6"
1333119876479807490,Mats Ranum,2020-11-29 18:45:21,"Som @petterrasmus sa det sÃ¥ pent for noen Ã¥r siden;

Â«Det e flaut, det e ekkelt, det e pinlig. MÃ¸kkamenn hele gjengâ€¦ https://t.co/ju6X3ikJup"
1333119741687422978,4rusle,2020-11-29 18:44:49,"Det blir ikke flyttet noe skap pÃ¥ Aspmyra nÃ¥r dere stiller med andrelaget, @RBKfotball.
- Det ska' dÃ¥kk ha, dÃ¥kk prÃ¸vd itj!"
1333108839655337984,Eddie Shoestring,2020-11-29 18:01:29,Driv dÃ¦m itj Ã¥ Ã¸ve sÃ¦ i #rosenborg? Har dÃ¦m itj trÃ¦ninga? Ã… ka fanen gjÃ¸r hainn derre moldetrenern der?
1333056614060986369,Alfred KjÃ¸lstad ğŸ“ğŸ§¢,2020-11-29 14:33:58,RT @vgnett: Northug med julelÃ¥t: â€“ Har itj vÃ¦rt snill gutt i Ã¥r https://t.co/k4W6XcbLjg
1333049776548556801,VG,2020-11-29 14:06:48,Northug med julelÃ¥t: â€“ Har itj vÃ¦rt snill gutt i Ã¥r https://t.co/k4W6XcbLjg
1333011467344470016,BÃ¥rd eivind bakk,2020-11-29 11:34:34,"@ArneBlixhavn @kjerstiheldaas @HelgheimJon Ã† ty Jon e ein heslig type.
Men Ã¦ tru han e mobba nok, Ã¦ vil helst ikkeâ€¦ https://t.co/xBEShRrmH7"
1332768063733817347,Soffi Westin,2020-11-28 19:27:22,"#gmjl : Â«vanligvis dreier det seg om kontroll i midten, det gjelder ikke herÂ». Minner meg om et Nils Arne Eggen intâ€¦ https://t.co/S9AWinNuzN"
1332746200534102018,ğŸ‡³ğŸ‡´ Torgeir Solem ğŸ‡ªğŸ‡¸,2020-11-28 18:00:30,@kvifor20 Ã† tru d har nokka me Ã¥ gjÃ¸r at Ã¦ itj fikk lov Ã¥ lÃ¦re mÃ¦ Ã¥ spille piano trekkspill. Hadde bare knappspÃ¦ll i huset...
1332678704309399556,Ã˜yvind SÃ¸tvik Rekstad,2020-11-28 13:32:17,@Bulle44 VAR mÃ¥ fÃ¥ VÃ†R som dem ER nÃ¥r VAR itj VAR som dÃ¦m skoill VÃ†R
1332659901924057089,ğŸ‡³ğŸ‡´ Torgeir Solem ğŸ‡ªğŸ‡¸,2020-11-28 12:17:34,"@eivindtraedal I svarte da, ja e d som feile folk da. Itj engang sekkert hu visste at hu hadd blitt jordansk engang. ğŸ˜ "
1332644298622443526,Orkanger-losen!,2020-11-28 11:15:34,"Bra at Norge prÃ¦sse sÃ¦ med Ã¥ delta i hainnball-vm (i disse tider).
For det e itj oft at det arrangeres vm i hainnbaill vÃ¦tta Ã¦..?"
1332601176840413184,Ã˜yvind SÃ¸tvik Rekstad,2020-11-28 08:24:13,@GjermundR @grymtv @gunhili Itj berre berre det. E itj det halve Ã¦tta?
1332467083188297729,BÃ¥rd eivind bakk,2020-11-27 23:31:23,"@Grest_ Det e billigaste motorsport.
SÃ¥ enklast mulig ja.
Tok ut kammen pÃ¥ 1200 bobla. Sveisa pÃ¥ nÃ¥ larva med mig.â€¦ https://t.co/W3iYGqhRWV"
1332449402825428992,BÃ¥rd eivind bakk,2020-11-27 22:21:08,"@ErnstGhost @KarlRudolfsen @eivindtraedal Dem e berre i veien for oss.
Men elektrikkern bruke dem.
Du kan mesta itjâ€¦ https://t.co/U1s8mkkQ6W"
1332400840733315073,Fida,2020-11-27 19:08:09,"MÃ¥ itj fÃ¥rrÃ¥ nÃ¥lles, men kos dokkerğŸ‰ğŸ·ğŸŠ. Gooâ€™ hÃ¦lg te allğŸ¥° https://t.co/JYtgWJTXes"
1332359999675359236,Rita,2020-11-27 16:25:52,"@RekstadYvind @BardBakk E itj verr pÃ¥ d ejnn at Ã¦ forstÃ¥r, sjÃ¸!"
1332326436741505025,Fida,2020-11-27 14:12:30,Det var itj bare Balck FridayğŸ˜³. Men det var kjempestor Stormberg og Jack&amp;Jones dagğŸ¤£ğŸ¤£. Ã† gla lÃ¦ll ğŸ¤©ğŸ™â„ï¸ https://t.co/jkBYWPBN7Z
1332250238216785920,BÃ¥rd eivind bakk,2020-11-27 09:09:43,"@muligensMattis Ja, for du ha itj sett det her skuespellet fÃ¸r."
1332226197393186818,Frilundsen,2020-11-27 07:34:11,@mortenbjerkan Haha - greit Ã¥ svar pÃ¥ dein her. TrÃ¸ngt itj Ã¥ spekkuler sÃ¥ inni hÃ¦ll...tte lÃ¦ng - pÃ¥ nÃ¥ som helst mÃ¥te! ğŸ˜…
1332071391001194496,Ã˜yvindS,2020-11-26 21:19:02,"@MariusDahl91 @IngeGr76 Haha, har du sett spillern? Filip Brattbakk er bedre, yngre ,trÃ¸nder og akademiprodukt! Betâ€¦ https://t.co/LUHJrL5jV4"
1332048065549791233,Kristian Stokdahl,2020-11-26 19:46:21,"Jaja, itj all norske lag som driv Ã¥ tape hjemme mot Arsenal."
1332028762117066752,BÃ¥rd eivind bakk,2020-11-26 18:29:39,"@GroVesHag @Trille345 Men sÃ¥nn seriÃ¸st.
JÃ¸tul 1, e mÃ¥ av de ovnan som gi minst varme i forhold til forbruk.
Sjekk Eâ€¦ https://t.co/T0715UDudn"
1331902113895636992,BÃ¥rd eivind bakk,2020-11-26 10:06:24,"@TorVeteran @liftwaffe @schish76 Du har itj ein mg liggan Ã¥ sleng da?
Ein sÃ¥nn takmontert ha verre snasent."
1331891886710267904,Sofie Johansen,2020-11-26 09:25:45,"RT @TeteLidbom: Det e sÃ¥ my Ã¦ skoill ha sagt te dÃ¦, men Ã¦ fÃ¥r liksom itj te Ã¥ sei det... like bra som @svensundet sa det i episode 21 av Heâ€¦"
1331656174136152074,Tete Lidbom,2020-11-25 17:49:07,"Det e sÃ¥ my Ã¦ skoill ha sagt te dÃ¦, men Ã¦ fÃ¥r liksom itj te Ã¥ sei det... like bra som @svensundet sa det i episodeâ€¦ https://t.co/1wXU8HH8kY"
1331572509842567173,bard.krogstad@gmail.com,2020-11-25 12:16:40,@RBKfotball Analyser denne kampen Hareide. Det er helt klart for meg at HER ble ikke Â«raskeste vei mellom A og BÂ» eâ€¦ https://t.co/LvbHfI8Hkq
1334896635990700034,Olav Sande,2020-12-04 16:25:33,"@tanketom HÃ¦, ka e ditte fÃ¸ insinuasjon!!! Me e rett nok trege, men ikkje sÃ¥Ã¥Ã¥Ã¥Ã¥Ã¥ trege. Me rir iallfall dagen itte at salen e lagt pÃ¥!"
1334851980993449987,Felgrens-Fjotolf,2020-12-04 13:28:07,"@dirkedurken og @RandyBo43995987 - vokste dÃ¸kk opp med rÃ¸ykt fesk? Sekju det se.

Det er neste ut pÃ¥ menyen som Jenâ€¦ https://t.co/QSqLEwXpMk"
1334848282850455552,Felgrens-Fjotolf,2020-12-04 13:13:25,@dirkedurken Lukter av at je har gÃ¥tt glipp av hele IT-bÃ¸lgen. Faens Bouvet ble je t.o.m anbefalt av en ansatt derâ€¦ https://t.co/335YMUDXil
1334833531701374977,steinar johansen,2020-12-04 12:14:48,"@liftwaffe Langesgate er en fest ja. Men du vet, det er Lillehammer. ""er itte no vits i Ã¥ strÃ¸ amma, det blir berre glatt att ratt"""
1334830339911520256,ğ˜½ğ™§ğ™ğ™©ğ™¨ğ™šğ™£ ğŸ‡³ğŸ‡´ğŸ–‡,2020-12-04 12:02:07,"@kungatungan Er d DEN veien mekka er ja. Er dem helt sikker pÃ¥ d...?? Nytte itte bry seg, da fÃ¥r dem bare ufortjentâ€¦ https://t.co/x9IpjJqGq2"
1334638133237919745,KnaZ,2020-12-03 23:18:21,"Det ha vore ei innhÃ¦ldsrik rÃ¦se med mange opp og nedturer! ğŸ˜„ Men nÃ¥ e motivasjonen pÃ¥ bunn, sÃ¥ da takke e for me! Gâ€¦ https://t.co/vcEbifWJfh"
1334614087330881539,VebjÃ¸rn Jensvoll,2020-12-03 21:42:49,"@amund_jensvoll @CoolbetNorge E ska oversetta:
Â«E ser itte pÃ¥ kampen sÃ¥ det ska e itte uttale me omÂ»"
1334610580141989889,VebjÃ¸rn Jensvoll,2020-12-03 21:28:52,@amund_jensvoll @CoolbetNorge Ser itte pÃ¥ sÃ¥g et ska e itte uttale me om
1334599632815534080,ThomasğŸ¥ºğŸ¥º,2020-12-03 20:45:22,@SundeWilliam idk vett bare eg dro ann t na itte den videon kom pÃ¥ ig fÃ¸r idag
1334549108384813057,Felgrens-Fjotolf,2020-12-03 17:24:36,"JÃ¦vla mÃ¸kkatwitteren din @jack 

Hut deg ut av Jurten du mediterer i og fiks formatet. Dette har jeg sagt fÃ¸r.
GÃ¥râ€¦ https://t.co/XJdgQMi5ST"
1334541039194034178,Kari Egge,2020-12-03 16:52:32,"Detti heng itte pÃ¥ greip!!, sa hu, og meinte de!! https://t.co/aIsrJLlnUD"
1334527451091832832,Felgrens-Fjotolf,2020-12-03 15:58:33,"@RandyBo43995987 Skal du itte panere driten i mel, salt og pepper?"
1334505114749558784,Heksa von Kratt,2020-12-03 14:29:47,"Faen ass, det er fÃ¥ personer som gjÃ¸r meg sÃ¥ forbanna som Sylvi Listhaug. Hun trenger en akutt spirituell krise. Etâ€¦ https://t.co/72pzuENwg1"
1334489151324950528,Valium-Vinjar,2020-12-03 13:26:21,@SondreLinde @GorgonDr Er det itte denna du eter 4 liter av i uka?
1334483771916247042,Felgrens-Fjotolf,2020-12-03 13:04:59,Bare Ã¥ holde klokelig kjeft og sope inn gett. TrÃ¸gda betaler seg itte selv se.
1334466054647668737,morten Ã¥bÃ¸,2020-12-03 11:54:35,@brillemann Nesten som ein sko tro Festivus oppsto pÃ¥ et julabord itte den andre serveringen av gratis Cognac. DÃ¥ eâ€¦ https://t.co/uqZvdyAFZA
1334443017760075777,Felgrens-Fjotolf,2020-12-03 10:23:02,"@JAVdottxt Ã… hvem har itte blitt harvet av en hulder, rengskrÃ¸mt, en vette eller et troll i Ã¸ppveksten se, JÃ˜V TÃ¸tlÃ¸s."
1334438332068196356,JordbÃ¦rhus,2020-12-03 10:04:25,@helgeroek Du har rett. Hadde han bara hatt ein aen stil hadde han aldri blitt sparka itte kun 15 Ã¥r
1334252111165607945,HÃ¸gni Brimheim G.,2020-12-02 21:44:27,Kruttsterkt av Sunnyboy Ã¥ ryka ut itte 6 poeng pÃ¥ di to fuste kampane...
1334250205034803202,dazzler,2020-12-02 21:36:52,@andreaswangen Rart att en itte bli bytta ut egentle. Fred e jo itte akkurat dÃ¦n som e kjent for Ã¥ ver en spiller om tar det lugnt
1334152538585767937,(ã£â—”â—¡â—”)ã£ â™¥ ğ•³ğ–Šğ–ğ–‰ğ– â™¥,2020-12-02 15:08:47,"@Dotafyren @Frk_Mona Husker mamma peste om det der, nai funker bra uten den touch greia OG d gÃ¥r kjapt nok tbhğŸ˜† meeâ€¦ https://t.co/bdlBDgicT2"
1334135561804787714,Valium-Vinjar,2020-12-02 14:01:19,"@JeErNyHer Gulle gÃ¸tt gett, gett. HÃ¥per det er fra bÃ¸ks og itte hjemmelagju"
1334118578635886592,Valium-Vinjar,2020-12-02 12:53:50,@GorgonDr @dirkedurken Ã… je la itte ut nÃ¸yaktig Ã¸lder her. Det er hÃ¸mo Ã¥ bli identi fisert av de onde.
1334117364640718848,keepwillylockedup,2020-12-02 12:49:01,Opplevde akkurat at norkslÃ¦reren trille ein terning me tallene 2-4 for Ã¥ bestemma ka karakter folk i klassen fÃ¥r iâ€¦ https://t.co/gHtYR5qLqv
1334105663149121537,(ã£â—”â—¡â—”)ã£ â™¥ ğ•³ğ–Šğ–ğ–‰ğ– â™¥,2020-12-02 12:02:31,"Wiiii skal hente ny Samsung 75 tommer tv right now, ferdig kalibrert Ã¥ alt mulig.  PÃ¥ m hengerÂ´n, de trodde itte deâ€¦ https://t.co/5lQQiCUMIj"
1333883641722785792,Emil ğŸ‡³ğŸ‡´ (Bagged again),2020-12-01 21:20:17,"@Jonathanscock @sfcpapi Isje nÃ¥ lenger, mista de itte eg fekk ny tlf"
1333865253344583686,Karin Ellinor,2020-12-01 20:07:13,"@rorevin Jeg har sagt som deg, og kommer til Ã¥ fortsette med det.
Sier j no annet her, vil de itte forstÃ¥."
1333858386262196225,á´Šá´€É¢Ê€Éªá´›.,2020-12-01 19:39:55,"din bhar ek dusre ko itte over exaggerated fake compliments, support dete ho thakte nahi ko bklodo ğŸ¥°ğŸ¥°ğŸ’€"
1333853731708923905,Ask Christiansen,2020-12-01 19:21:26,"@evenmeinseth Ja, mÃ¥ jo vÃªr det. Men itte ein god oppvarming, sÃ¥ bÃ¸r han vel tÃ¥le den Â«lilleÂ» belastningen det i selve Â«hoppetÂ»"
1333706405879177216,ljugejinta anja ther sinna bjÃ¸nnğŸ»,2020-12-01 09:36:00,@Maikenry Men det gjÃ¸r irriterende nok jeg.. veldig fornÃ¸yd med at du brukte punktum der pÃ¥ slutten av tweeten (manâ€¦ https://t.co/qEgG5LDFgq
1333692354210000896,chrezu,2020-12-01 08:40:10,@ChapexEU @hermyvfx @FifaIOb @Fnuzumaki @Secrecyx_ @metlfn @UndonFN @frezzyiwnl @kvetix @Nullityegt @gislegris1â€¦ https://t.co/GkSPlhBWic
1333581374356336642,siril ğŸ•Š,2020-12-01 01:19:11,vil lowkey flytta te trondheim men eg har kje brukt 42k for Ã¥ droppa ut itte kun et semester :))
1333561653707886592,Tellusian,2020-12-01 00:00:49,"Du ska itte trÃ¸ i graset. Spede spira lyt fÃ¥ stÃ¥.
Sarte kunstnersjeler mÃ¥ behandles varsomt.
Ble akkurat uforstÃ¥eliâ€¦ https://t.co/egnJSfFhUQ"
1333456095684210693,(ã£â—”â—¡â—”)ã£ â™¥ ğ•³ğ–Šğ–ğ–‰ğ– â™¥,2020-11-30 17:01:22,"Sant, nÃ¥r d fÃ¸rst sku komme en sÃ¥nn hÃ¦lvetes fÃ¦l pandemi var det jaggu bra det ikke kom nÃ¥r verden itte hadde; 
â¤ï¸ Internettâ¤ï¸"
1333447745026338817,(ã£â—”â—¡â—”)ã£ â™¥ ğ•³ğ–Šğ–ğ–‰ğ– â™¥,2020-11-30 16:28:11,"@JauertMorten Tusen takk for svar, satt je pris pÃ¥ğŸ™ğŸ» 
Da var det som je trodde, de er jo smarte, naturen driver ittâ€¦ https://t.co/i923910CjU"
1333430287838097418,Satan | Gaynerd | BLM/ACAB ğŸ¤ğŸ–¤ğŸ³ï¸â€ğŸŒˆ,2020-11-30 15:18:49,"blir'e itte peeng ut tur detti herre, og je itte fÃ¥r lande en jobb snart, sÃ¥ veit je faktisk itte Ã¥ je skar gjÃ¸rra"
1333369455473115136,Bhavanamishra,2020-11-30 11:17:05,"RT @alygoniworld: Dil daude itte-utte
Phir karde titar-bitar
Ho munda angdai je de maar da

#AwesomeAly 
@AlyGoni 
@OrmaxMedia 
@BiggBossâ€¦"
1333366645050417152,Jasminislove,2020-11-30 11:05:55,"RT @alygoniworld: Dil daude itte-utte
Phir karde titar-bitar
Ho munda angdai je de maar da

#AwesomeAly 
@AlyGoni 
@OrmaxMedia 
@BiggBossâ€¦"
1333366340942319618,Mehak Mahanta18,2020-11-30 11:04:43,"RT @alygoniworld: Dil daude itte-utte
Phir karde titar-bitar
Ho munda angdai je de maar da

#AwesomeAly 
@AlyGoni 
@OrmaxMedia 
@BiggBossâ€¦"
1333366020724068352,Krissy,2020-11-30 11:03:26,"RT @alygoniworld: Dil daude itte-utte
Phir karde titar-bitar
Ho munda angdai je de maar da

#AwesomeAly 
@AlyGoni 
@OrmaxMedia 
@BiggBossâ€¦"
1333365895415021569,ALY GONI ğŸ’–ğŸŒ,2020-11-30 11:02:56,"Dil daude itte-utte
Phir karde titar-bitar
Ho munda angdai je de maar da

#AwesomeAly 
@AlyGoni 
@OrmaxMediaâ€¦ https://t.co/vk8q1sO905"
1333362045559992321,Valium-Vinjar,2020-11-30 10:47:38,@GorgonDr @dirkedurken Bruker itte bÃ¸gskenke pÃ¥ pezza nei. Det er forbeholdt tullkuk-mat som toast. I gÃ¥r var je Ã¥nâ€¦ https://t.co/hbqnQk4lJH
1333360945423331329,Felgrens-Fjotolf,2020-11-30 10:43:16,"@RandyBo43995987 @dirkedurken SÃ¸lami, pepperÃ¸ni, bresaÃ¸la (favoritten) og skikkelig skenke (dvs. itte noe bÃ¸gskenke du FP Fistulf)."
1333182161533415427,"Anton, altermuligmann i Nord-Ã˜sterdala",2020-11-29 22:52:51,@OysteinAaNordby No skjÃ¸nne ei ingenting! Du sei at sex e deilig. Andre sei d e oppskrytt. SjÃ¸l huse ei itte ğŸ˜© Ã…kken ska ei tru pÃ¥?? ğŸ˜¶
1333102937279705088,Stian Refvik,2020-11-29 17:38:02,siste serierunde flyttes t 22. desember og me komme oss hjem fra BodÃ¸ tidligst 23.12. tror eg mÃ¥ endre pÃ¥ tradisjonâ€¦ https://t.co/4jZep0HkDU
1333097808115757058,Felgrens-Fjotolf,2020-11-29 17:17:39,@NASA @Space_Station Ã… je tinkju nÃ¸kk vi mÃ¥ renge tell SÃ¸lvGullPanda og coldman gett. Falskneri som prÃ¸ver Ã¥ fremstâ€¦ https://t.co/XjeRAPcDsX
1332880216235053056,tullemora,2020-11-29 02:53:01,"KvÃ¦r gang eg gÃ¥r t byen sÃ¥ Ã¸vebevise eg meg sjÃ¸l om at ska treffa spesifikke folk eg kjenne, og sÃ¥ ser eg itte de,â€¦ https://t.co/sHV1ODpi7W"
1332785330932609026,Satan | Gaynerd | BLM/ACAB ğŸ¤ğŸ–¤ğŸ³ï¸â€ğŸŒˆ,2020-11-28 20:35:59,"@JorgenBakken @ANINOSYRE Jaja, sitti og tala med fÃ¸lk hele dagen, og spelt spell. Kan itte klaga"
1332767199879163906,Rita,2020-11-28 19:23:56,"@SynnevaErland @Natteramnoslo Fort gjort Ã¥ miste ei sko eller to.
Viss je bÃ¦re itte hadde slike hÃ¸ghÃ¦la sko, som PrÃ¸ysen sa ğŸ‘ "
1332655033230503938,Berit Rekve,2020-11-28 11:58:14,@DavyWathne @iPrimaPunta Som bestemor mi brukte Ã¥ seia: Â«Store ord og fett flÃ¦sk sitt itte fast i hÃ¦rsen.Â» #Vedum
1332650236557332483,Stig Myhre,2020-11-28 11:39:10,"https://t.co/y2DHMaCrDX

Hjelpes, gje fred!! E nok av lokale helter Ã¥ kalla opp banen itte.."
1332444152307585036,Jan Roger Hamre,2020-11-27 22:00:16,@oppspist Ã… vÃ¦re lÃ¥ke i haude' e'kje noke Ã¥ trakte itte â€¦
1332402997557678084,Shippex,2020-11-27 19:16:44,@FilipsFN Ã…ja dÃ¥sÃ¥. Hadde ei razer mus for ei stond si. Funka che itte 2 mÃ¥neder. Har mange venner der d sama skjedâ€¦ https://t.co/xfXjVEHwCa
1332377132702556161,Tor Amundsen,2020-11-27 17:33:57,"@ThomasWergeland Itte je, men kjÃ¦rringa er ivrig sÃ¥ de byner Ã¥ bli innmari kosli her. :-)"
1332337749140049929,(K)ilo (I)ndia (M)ike,2020-11-27 14:57:27,"kjÃ¦Ã¦Ã¦ringa mi, hu kan itte spelle trekkspell
Men hu er sÃ¥ fryktelig god til og hÃ¸gge ved"
1332246296564908034,Valium-Vinjar,2020-11-27 08:54:03,"JADA KARER OG KVINNZ DA ER DET NY DAG DERE OG FAEN ITTE NOE VANLIG TIRSDAG NEI NÃ… SNAKKER VI FREDAG SE! 
JE SKJENKEâ€¦ https://t.co/hbcyhskGG5"
1332120106747486211,fossum,2020-11-27 00:32:37,"Ã¦ vÃ¦re og bli storkar pÃ¥  bekke

nÃ¦i
det gÃ¥r itte

intet stort i bekke"
1332096705140056072,Marit,2020-11-26 22:59:38,"""da jeg var liten og lekte med dukker, snakket dukkene Ã¸stlandsk""

hodet mitt: ja, tuva, nÃ¥ mÃ¥ du itte glÃ¸mme Ã¥ drekke opp teen din"
1332078198364975109,Geir Kro,2020-11-26 21:46:05,Ka e det egentlig som skjer i JÃ¥ttÃ¥? NÃ¥ avlyse de pressekonferansen som alle vente pÃ¥ for mer info pga kampen i helâ€¦ https://t.co/kjO4EGiO4m
1332077075512102914,Roy Larsen,2020-11-26 21:41:38,"PÃ¥ SrBank Arena neste sesong:
Vakt: Har du billett?
Meg: Det fÃ¥r me se itte kampen 

Hvorfor ikke grunngi sparkingeâ€¦ https://t.co/gZApYSFz93"
1332032750451380226,Cats Rule,2020-11-26 18:45:30,"RT @fmundal: Hva er den hemmelige masterplanen? Mindre skatt, mer penger til kommunene, mer penger til landbruket, flere kommuner, mindre iâ€¦"
1332012181932617728,Anders Lokna Wolden,2020-11-26 17:23:46,RT @VikingForAlltid: I dag e eg utrolig takknemlig for at eg sto igjen itte kampen mot RBK og hylla BB med resten av publikum. Utrolig nokâ€¦
1332007229587861504,Viking For Alltid,2020-11-26 17:04:05,I dag e eg utrolig takknemlig for at eg sto igjen itte kampen mot RBK og hylla BB med resten av publikum. Utrolig nâ€¦ https://t.co/gu2jA7p5Fk
1331991544417685505,Thomas Fjeldstad,2020-11-26 16:01:46,"RT @fmundal: Hva er den hemmelige masterplanen? Mindre skatt, mer penger til kommunene, mer penger til landbruket, flere kommuner, mindre iâ€¦"
1331950756262535173,Vetle Langedahl,2020-11-26 13:19:41,"RT @fmundal: Hva er den hemmelige masterplanen? Mindre skatt, mer penger til kommunene, mer penger til landbruket, flere kommuner, mindre iâ€¦"
1331941155995611138,Felgrens-Fjotolf,2020-11-26 12:41:32,@RandyBo43995987 The doctor agrees. Det er ogsÃ¥ viktig Ã¥ itte kjÃ¸re noe PCT (Post Cycle Therapy) slik at man er sikâ€¦ https://t.co/GDyu3k6ps1
1331917102723293184,Fredrik Kooyman DÃ¸rr,2020-11-26 11:05:57,@tskjold7 Hadde vÃ¦rt fine Ã¥ ha i styre Ã¥ stell itte kontrakten gjekk ud og
1331907241499385856,Torsk,2020-11-26 10:26:46,"@grevlingmamma ""En fÃ¥r vÃ¦rra som en er da'n itte vart som en sku"" 

Livet er ikke alltid som man hadde sett for seg"
1331888248994590724,Erik Franck,2020-11-26 09:11:18,"RT @fmundal: Hva er den hemmelige masterplanen? Mindre skatt, mer penger til kommunene, mer penger til landbruket, flere kommuner, mindre iâ€¦"
1331841793378365441,Vegard G. Wennesland,2020-11-26 06:06:42,"RT @fmundal: Hva er den hemmelige masterplanen? Mindre skatt, mer penger til kommunene, mer penger til landbruket, flere kommuner, mindre iâ€¦"
1331765670879571968,Wollsweber of Rivia #BLM #ACAB #ANTIFA,2020-11-26 01:04:13,"RT @fmundal: Hva er den hemmelige masterplanen? Mindre skatt, mer penger til kommunene, mer penger til landbruket, flere kommuner, mindre iâ€¦"
1331733375930003466,Steinar Bleken,2020-11-25 22:55:53,"RT @fmundal: Hva er den hemmelige masterplanen? Mindre skatt, mer penger til kommunene, mer penger til landbruket, flere kommuner, mindre iâ€¦"
1331733147449495552,Thomas Vik,2020-11-25 22:54:59,"RT @fmundal: Hva er den hemmelige masterplanen? Mindre skatt, mer penger til kommunene, mer penger til landbruket, flere kommuner, mindre iâ€¦"
1331732854280237056,Fredrik Mundal,2020-11-25 22:53:49,"Hva er den hemmelige masterplanen? Mindre skatt, mer penger til kommunene, mer penger til landbruket, flere kommuneâ€¦ https://t.co/QccGiMdSdy"
1331698747835899906,Kristian Magnussen,2020-11-25 20:38:17,Engelsk dommar klovna seg i europa. Nacho fÃ¥r straffe men Vidal fÃ¥r ikkje... Den siste va itte mi meining meir ennâ€¦ https://t.co/ZDoH2115h6
1331610948545732618,(ã£â—”â—¡â—”)ã£ â™¥ ğ•³ğ–Šğ–ğ–‰ğ– â™¥,2020-11-25 14:49:24,"Jeg er en sÃ¥nn som itte liker knapper.
Je ELSKER glidlÃ¥ser ferdi snakka

Hva med denna glidlÃ¥sen je har laga heiltâ€¦ https://t.co/JYtrd2Gc8e"
1331589994797035520,Giktnes,2020-11-25 13:26:09,@Sandvik94 @GodtPa Eg blei kasta ut av NordlÃ¦nningen pub itte bortekampen i 2009. Fremdeles bitter.
1331587270437187585,(ã£â—”â—¡â—”)ã£ â™¥ ğ•³ğ–Šğ–ğ–‰ğ– â™¥,2020-11-25 13:15:19,"@resepsjonist jÃ¸ss da, jaggu mye man itte veit noe om i det heil tatt.
Bra det kommer fram i lyset. 
FyyyfğŸ˜¤"
1334577561624449024,Marit Nathalie Sagbak,2020-12-03 19:17:40,@DidrikSoderlind En kan vel snarere spÃ¸rre om kristne bÃ¸r og skal feire Jul siden den strengt tatt ikke hÃ¸rer til iâ€¦ https://t.co/dA0wMP3Ztc
1334565369906929665,soLo ğŸ“,2020-12-03 18:29:13,"@einherjer83 FÃ¸rste jeg tenkte pÃ¥ ogsÃ¥. 

So,  whats the difference?

Btw, skal man ikke kunne bruke andre enn hvitâ€¦ https://t.co/gPLIsSA5yQ"
1334209400031088640,Jan-Erik Frantzhus,2020-12-02 18:54:44,"En vanlig lunsj for en Katta-lÃ¦rer... ittâ€™no fancy her a ma!  Man muss also essen, um Alles nicht vergessen ğŸ˜‰ @ Hamâ€¦ https://t.co/Vb5KTZK03x"
